application_id,application_date,age,monthly_income,requested_amount,credit_score,channel,status,processing_hours
A00001,2025-06-15,30,1593.69,383.49,789,Mobile App,Rejected,10.7
A00002,2025-07-07,58,532.7,2128.26,682,Web,Approved,20.9
A00003,2025-08-03,25,1108.09,2293.98,628,Partner,Approved,18.0
A00004,2025-03-05,35,2336.47,2415.39,679,Partner,Approved,5.7
A00005,2025-07-23,24,3425.2,377.01,746,Web,Rejected,18.2
A00006,2025-08-03,30,2053.16,2369.47,639,Partner,Approved,16.8
A00007,2025-04-03,27,2182.04,2627.87,712,Partner,Approved,16.2
A00008,2025-12-31,25,2127.76,2552.24,664,Partner,Approved,7.8
A00009,2025-08-07,41,1816.65,3709.08,716,Mobile App,Approved,18.9
A00010,2025-04-03,36,607.84,1340.95,697,Web,Rejected,3.3
A00011,2025-08-18,39,2268.22,478.16,787,Mobile App,Approved,19.1
A00012,2025-06-25,30,3289.8,1802.45,654,Mobile App,Rejected,28.2
A00013,2025-10-13,57,2835.65,3309.74,677,Web,Approved,7.8
A00014,2025-11-01,52,2176.67,1933.58,653,Web,Rejected,1.0
A00015,2025-08-31,25,541.11,2865.67,748,Partner,Rejected,11.1
A00016,2025-08-17,39,2607.38,3570.75,631,Web,Approved,25.5
A00017,2025-07-01,31,2274.4,2076.03,572,Web,Approved,21.7
A00018,2025-03-08,36,1603.38,3683.9,545,Mobile App,Rejected,9.4
A00019,2025-08-18,46,2080.74,3556.86,601,Partner,Rejected,24.2
A00020,2025-05-23,47,3457.37,2794.35,794,Mobile App,Approved,15.7
A00021,2025-03-19,26,905.09,1081.44,734,Web,Approved,16.7
A00022,2025-10-29,32,1177.65,215.56,716,Web,Approved,12.7
A00023,2025-11-09,57,1353.63,676.87,568,Partner,Rejected,1.4
A00024,2025-12-02,24,1788.43,3509.72,704,Partner,Rejected,29.7
A00025,2025-10-14,46,1603.92,1697.66,697,Web,Approved,14.3
A00026,2025-02-01,33,562.14,993.3,804,Web,Approved,19.7
A00027,2025-11-04,24,672.5,2353.78,686,Web,Rejected,15.8
A00028,2025-11-11,22,571.49,990.22,671,Partner,Rejected,11.8
A00029,2025-05-10,43,2247.18,2001.78,586,Web,Approved,21.5
A00030,2025-08-27,51,1874.08,526.36,673,Web,Approved,26.4
A00031,2025-05-16,51,2960.89,813.47,656,Partner,Approved,4.7
A00032,2025-07-05,30,2523.71,3673.75,673,Web,Rejected,25.9
A00033,2025-11-26,26,2543.02,1192.24,655,Mobile App,Approved,11.8
A00034,2025-07-02,35,2027.67,3160.41,602,Mobile App,Rejected,6.6
A00035,2025-11-10,33,2889.15,3309.67,660,Mobile App,Rejected,5.7
A00036,2025-04-13,54,1902.26,2977.82,777,Web,Rejected,12.0
A00037,2025-08-30,37,959.98,2499.53,687,Partner,Rejected,24.1
A00038,2025-06-28,44,603.7,588.2,777,Web,Rejected,12.5
A00039,2025-04-15,51,2315.81,3621.17,701,Web,Rejected,19.1
A00040,2025-12-01,43,2868.88,522.16,667,Web,Rejected,1.6
A00041,2025-12-31,33,1855.8,878.38,722,Web,Approved,24.3
A00042,2025-02-14,46,1808.96,3024.74,707,Mobile App,Approved,11.5
A00043,2025-03-29,29,436.78,2445.09,667,Partner,Rejected,9.9
A00044,2025-03-16,51,2420.4,1531.55,660,Mobile App,Approved,27.1
A00045,2025-01-11,21,2867.97,2960.21,779,Partner,Approved,22.7
A00046,2025-03-13,48,3457.63,940.26,715,Mobile App,Rejected,18.7
A00047,2025-05-09,34,1272.84,1114.05,679,Web,Rejected,13.5
A00048,2025-10-06,47,2977.71,431.44,636,Web,Rejected,13.6
A00049,2025-12-06,58,2917.4,2163.69,820,Partner,Rejected,20.1
A00050,2025-03-08,55,828.28,2140.08,657,Mobile App,Rejected,10.7
A00051,2025-11-08,21,2794.52,769.25,623,Partner,Approved,20.6
A00052,2025-03-03,56,544.53,2792.86,705,Web,Rejected,3.9
A00053,2025-02-24,56,528.99,926.96,711,Mobile App,Approved,14.0
A00054,2025-09-17,49,2119.45,3087.97,772,Web,Rejected,15.1
A00055,2025-06-16,53,2259.33,957.73,791,Partner,Approved,14.8
A00056,2025-10-01,51,1949.42,1141.09,661,Web,Approved,20.1
A00057,2025-10-14,33,2996.0,721.11,748,Web,Approved,22.0
A00058,2025-06-11,25,2464.14,1827.69,599,Web,Approved,19.3
A00059,2025-03-04,30,3309.44,2645.14,681,Web,Approved,15.0
A00060,2025-03-12,50,1041.7,3819.52,637,Web,Approved,30.2
A00061,2025-03-25,35,858.62,1839.78,654,Web,Rejected,8.1
A00062,2025-08-04,33,1473.34,550.34,721,Web,Approved,18.9
A00063,2025-10-11,50,1737.44,268.71,675,Partner,Approved,23.5
A00064,2025-06-01,53,3376.44,628.83,711,Mobile App,Rejected,16.5
A00065,2025-02-23,26,1186.53,350.44,742,Web,Rejected,16.0
A00066,2025-03-08,48,3026.2,2768.7,639,Web,Rejected,11.5
A00067,2025-03-18,55,3245.39,2368.26,646,Mobile App,Rejected,15.5
A00068,2025-05-23,24,2868.7,896.71,609,Web,Rejected,1.2
A00069,2025-01-09,26,2875.13,518.22,685,Mobile App,Rejected,4.6
A00070,2025-05-16,28,1779.39,1488.78,553,Web,Rejected,16.6
A00071,2025-11-15,29,486.1,2896.24,633,Mobile App,Rejected,17.5
A00072,2025-05-15,24,920.61,3742.54,645,Partner,Rejected,6.1
A00073,2025-04-16,39,1753.91,2754.2,599,Mobile App,Approved,14.4
A00074,2025-05-09,23,398.34,2985.71,662,Mobile App,Rejected,8.2
A00075,2025-09-21,51,1123.89,1898.81,661,Partner,Rejected,3.2
A00076,2025-08-10,52,2069.6,3577.16,680,Web,Rejected,1.4
A00077,2025-12-19,34,3444.69,1502.28,667,Partner,Rejected,18.9
A00078,2025-11-22,29,1624.8,1520.7,750,Mobile App,Approved,30.0
A00079,2025-01-08,25,2320.16,3543.45,578,Mobile App,Rejected,19.3
A00080,2025-02-13,45,3092.19,2748.06,758,Mobile App,Approved,24.9
A00081,2025-12-21,39,492.5,904.34,619,Mobile App,Approved,20.9
A00082,2025-05-15,44,3379.63,3895.97,800,Mobile App,Approved,7.5
A00083,2025-01-18,40,1036.28,895.24,710,Mobile App,Approved,25.8
A00084,2025-09-01,38,1933.71,963.72,634,Mobile App,Approved,22.1
A00085,2025-02-16,37,2923.69,746.69,610,Web,Rejected,8.3
A00086,2025-01-12,40,1308.37,1084.68,626,Partner,Rejected,15.3
A00087,2025-03-21,45,2757.58,2938.57,674,Web,Approved,24.7
A00088,2025-11-13,30,487.93,3374.1,618,Partner,Rejected,13.1
A00089,2025-08-08,53,788.82,2190.28,742,Mobile App,Rejected,17.9
A00090,2025-12-18,58,2863.6,2902.51,593,Partner,Rejected,18.7
A00091,2025-04-28,26,448.16,705.75,648,Mobile App,Rejected,16.7
A00092,2025-07-12,49,2109.36,2585.52,699,Partner,Rejected,22.5
A00093,2025-05-06,52,1180.95,1936.4,687,Partner,Approved,5.0
A00094,2025-10-02,26,2426.79,450.99,590,Web,Rejected,19.1
A00095,2025-02-08,37,1089.57,3074.48,663,Partner,Approved,26.0
A00096,2025-08-24,52,3013.42,491.61,697,Web,Rejected,8.8
A00097,2025-01-24,33,594.04,760.22,750,Partner,Approved,12.3
A00098,2025-12-21,40,2306.62,707.08,546,Web,Rejected,28.4
A00099,2025-05-18,27,2530.38,2767.69,555,Partner,Rejected,18.5
A00100,2025-05-27,50,1817.58,3115.25,741,Partner,Rejected,15.0
A00101,2025-04-13,40,3431.1,3757.77,570,Web,Approved,25.1
A00102,2025-02-09,53,3399.54,1907.91,586,Mobile App,Approved,8.6
A00103,2025-04-18,25,2181.64,738.61,656,Web,Approved,23.5
A00104,2025-03-09,53,1230.64,628.17,699,Web,Approved,23.7
A00105,2025-09-06,46,428.23,213.64,651,Web,Rejected,12.8
A00106,2025-07-27,40,2640.63,1781.49,606,Mobile App,Rejected,11.8
A00107,2025-06-19,21,1372.32,1485.44,718,Mobile App,Approved,15.9
A00108,2025-01-07,39,1147.62,446.91,710,Partner,Approved,14.0
A00109,2025-02-09,44,3265.06,3071.49,641,Web,Rejected,14.3
A00110,2025-02-22,24,2979.23,1285.37,667,Mobile App,Rejected,18.1
A00111,2025-05-17,48,1959.53,921.43,691,Web,Approved,30.2
A00112,2025-01-15,46,3227.29,3774.66,665,Partner,Approved,16.4
A00113,2025-02-11,24,3290.42,1761.37,612,Mobile App,Rejected,14.2
A00114,2025-11-26,39,1879.56,3665.24,724,Mobile App,Approved,12.8
A00115,2025-08-30,47,1432.54,1331.53,676,Partner,Rejected,19.0
A00116,2025-05-14,46,2416.39,1343.18,671,Web,Approved,14.4
A00117,2025-03-03,31,2376.1,485.65,743,Web,Approved,18.7
A00118,2025-10-09,35,1776.91,1464.77,705,Web,Approved,26.2
A00119,2025-03-13,56,956.08,544.72,754,Mobile App,Rejected,11.6
A00120,2025-06-13,36,1510.16,3275.56,645,Mobile App,Approved,20.0
A00121,2025-07-31,45,1653.73,2191.84,671,Web,Approved,4.7
A00122,2025-02-01,52,1224.18,3877.2,762,Partner,Approved,18.1
A00123,2025-09-28,34,641.68,3607.8,727,Partner,Rejected,5.8
A00124,2025-08-17,48,3354.92,3425.0,763,Mobile App,Rejected,9.9
A00125,2025-03-07,23,1689.38,3102.02,673,Partner,Rejected,4.2
A00126,2025-09-08,21,580.38,3734.91,669,Partner,Rejected,12.4
A00127,2025-08-28,49,1132.67,614.37,667,Partner,Approved,21.1
A00128,2025-12-16,27,3315.7,2942.59,683,Web,Rejected,20.8
A00129,2025-02-13,56,2797.11,205.19,649,Partner,Approved,11.0
A00130,2025-01-20,40,3381.67,2580.6,678,Web,Approved,22.4
A00131,2025-12-24,28,663.25,1341.33,760,Mobile App,Rejected,19.7
A00132,2025-07-18,37,1054.29,2484.03,565,Web,Approved,20.6
A00133,2025-08-24,38,3370.66,2649.39,774,Web,Rejected,14.4
A00134,2025-09-27,36,2073.06,311.27,646,Partner,Approved,20.2
A00135,2025-06-07,24,418.63,2093.58,647,Web,Rejected,18.5
A00136,2025-02-11,37,1067.7,1812.43,679,Web,Approved,27.8
A00137,2025-01-18,42,2612.75,1576.82,712,Mobile App,Approved,12.9
A00138,2025-05-30,53,562.41,2083.64,719,Mobile App,Approved,24.6
A00139,2025-04-29,50,1047.54,3089.79,643,Partner,Approved,15.0
A00140,2025-09-11,32,3173.9,2043.2,530,Mobile App,Rejected,20.3
A00141,2025-11-01,30,3254.06,406.56,641,Partner,Approved,3.1
A00142,2025-03-14,47,513.3,428.51,565,Partner,Rejected,12.4
A00143,2025-06-10,28,3492.22,3740.06,729,Mobile App,Approved,17.4
A00144,2025-12-01,54,2700.87,321.2,710,Web,Approved,10.3
A00145,2025-07-11,42,1743.67,614.04,592,Mobile App,Approved,24.2
A00146,2025-06-29,47,3359.87,670.09,711,Mobile App,Rejected,13.8
A00147,2025-07-14,43,2771.51,1373.06,763,Mobile App,Approved,11.3
A00148,2025-01-26,51,966.5,2257.81,652,Web,Rejected,21.2
A00149,2025-07-06,51,445.39,1761.05,799,Web,Rejected,14.1
A00150,2025-01-21,45,459.79,437.8,789,Web,Rejected,9.8
A00151,2025-04-10,25,3180.44,1488.46,701,Partner,Approved,16.8
A00152,2025-01-23,37,2701.28,2820.39,576,Web,Rejected,15.8
A00153,2025-01-02,25,426.41,1088.69,740,Web,Rejected,13.0
A00154,2025-07-17,37,3227.66,3296.24,675,Web,Approved,27.8
A00155,2025-04-04,21,2878.09,3006.25,598,Mobile App,Rejected,3.5
A00156,2025-11-07,36,1382.57,1414.29,637,Partner,Approved,9.6
A00157,2025-02-10,53,971.53,3060.97,767,Mobile App,Approved,20.2
A00158,2025-11-29,23,1867.32,2269.54,623,Web,Approved,13.7
A00159,2025-02-23,25,1184.41,519.51,820,Web,Approved,13.7
A00160,2025-12-30,49,895.55,705.14,630,Partner,Rejected,16.1
A00161,2025-05-01,55,3018.01,2724.82,721,Web,Approved,19.6
A00162,2025-05-31,38,2135.69,1617.29,620,Mobile App,Rejected,5.9
A00163,2025-08-13,36,935.07,1094.92,718,Partner,Rejected,13.6
A00164,2025-04-07,41,554.13,1156.28,573,Partner,Approved,26.2
A00165,2025-04-29,27,2407.98,3965.63,730,Web,Approved,16.3
A00166,2025-04-29,49,3230.28,353.38,663,Mobile App,Approved,19.6
A00167,2025-01-26,33,2241.55,3346.12,635,Mobile App,Approved,8.6
A00168,2025-07-10,53,3078.3,1906.63,700,Partner,Approved,7.9
A00169,2025-01-04,27,2357.99,2896.88,705,Mobile App,Approved,7.9
A00170,2025-07-08,42,795.31,975.11,673,Partner,Approved,17.1
A00171,2025-11-30,34,2916.44,3311.57,795,Web,Approved,10.5
A00172,2025-04-05,40,595.49,319.57,588,Web,Rejected,9.5
A00173,2025-02-02,47,669.37,1702.13,606,Partner,Rejected,9.9
A00174,2025-10-01,26,2407.13,1711.53,707,Web,Approved,23.4
A00175,2025-12-08,40,1666.21,395.17,787,Web,Approved,12.8
A00176,2025-08-01,47,407.37,3113.32,820,Partner,Rejected,27.9
A00177,2025-04-11,46,2643.3,973.94,666,Mobile App,Approved,2.0
A00178,2025-08-05,28,2934.16,1743.63,674,Web,Rejected,14.5
A00179,2025-03-25,29,396.73,2295.88,530,Web,Rejected,14.5
A00180,2025-02-15,57,2309.91,1609.21,666,Mobile App,Approved,12.5
A00181,2025-06-28,39,859.72,852.78,720,Web,Approved,25.0
A00182,2025-09-09,33,1300.09,3381.71,648,Web,Approved,19.6
A00183,2025-06-11,24,2264.08,2618.2,637,Partner,Approved,12.5
A00184,2025-11-14,31,2367.02,3455.03,685,Partner,Rejected,17.7
A00185,2025-04-11,51,926.34,1028.92,643,Partner,Rejected,1.0
A00186,2025-03-22,45,1481.5,767.98,718,Mobile App,Rejected,2.8
A00187,2025-01-22,56,3003.83,2754.56,687,Web,Rejected,26.5
A00188,2025-03-02,45,2238.49,2290.2,678,Web,Rejected,5.7
A00189,2025-11-29,47,1320.87,1147.18,585,Web,Rejected,22.2
A00190,2025-08-17,53,1730.81,288.83,678,Web,Rejected,17.8
A00191,2025-08-27,36,1757.48,2550.59,740,Mobile App,Approved,17.7
A00192,2025-08-31,46,687.29,688.13,659,Mobile App,Rejected,7.4
A00193,2025-08-15,53,1957.01,354.91,480,Mobile App,Rejected,3.4
A00194,2025-06-10,53,601.9,3057.82,675,Partner,Rejected,12.8
A00195,2025-03-11,22,3049.77,3985.27,706,Mobile App,Approved,17.1
A00196,2025-04-10,29,3442.44,2069.11,690,Mobile App,Rejected,19.5
A00197,2025-12-18,35,556.38,1533.41,622,Mobile App,Rejected,12.0
A00198,2025-06-15,38,3200.95,1934.33,575,Web,Approved,24.8
A00199,2025-04-17,58,1178.03,2122.83,682,Mobile App,Approved,21.4
A00200,2025-04-12,32,1620.92,2618.97,780,Web,Approved,25.6
A00201,2025-07-12,31,2845.19,1204.5,676,Mobile App,Rejected,19.5
A00202,2025-11-22,44,3393.39,1921.55,586,Partner,Rejected,17.0
A00203,2025-02-23,37,3477.81,2593.15,689,Web,Approved,6.7
A00204,2025-05-16,45,3470.07,2393.97,766,Mobile App,Approved,13.1
A00205,2025-08-15,35,906.78,3025.66,724,Partner,Approved,15.1
A00206,2025-05-10,40,2363.6,3939.41,744,Partner,Approved,27.2
A00207,2025-06-10,21,2703.43,1042.22,626,Partner,Approved,7.3
A00208,2025-08-10,47,1964.94,3603.06,671,Mobile App,Approved,23.9
A00209,2025-11-10,23,420.21,209.94,655,Mobile App,Rejected,9.7
A00210,2025-09-25,43,2032.46,1770.31,711,Mobile App,Approved,1.0
A00211,2025-04-15,44,2315.38,2004.63,636,Mobile App,Approved,8.3
A00212,2025-12-29,30,1770.19,441.94,699,Partner,Approved,12.8
A00213,2025-05-19,46,2906.45,3875.11,607,Partner,Approved,15.5
A00214,2025-06-29,58,1747.83,3761.2,584,Mobile App,Rejected,13.9
A00215,2025-03-26,21,488.61,2219.8,635,Mobile App,Rejected,11.4
A00216,2025-03-23,24,3221.99,598.69,633,Partner,Rejected,20.4
A00217,2025-04-11,30,1651.51,2169.38,672,Partner,Rejected,17.7
A00218,2025-11-25,47,2912.15,863.63,711,Web,Approved,12.4
A00219,2025-11-17,24,3481.29,2952.36,717,Partner,Approved,20.4
A00220,2025-01-04,45,3009.96,3031.71,700,Partner,Approved,15.2
A00221,2025-12-02,49,902.48,3987.12,652,Partner,Approved,23.5
A00222,2025-01-20,28,1406.88,3048.69,820,Web,Rejected,8.2
A00223,2025-12-31,24,1187.86,2304.39,714,Partner,Approved,15.4
A00224,2025-05-16,39,2372.31,3867.54,731,Partner,Approved,21.1
A00225,2025-01-08,31,1170.16,1097.22,748,Mobile App,Rejected,1.0
A00226,2025-06-17,33,3122.52,1448.5,640,Partner,Approved,11.1
A00227,2025-12-21,55,1828.9,3390.9,672,Mobile App,Rejected,8.9
A00228,2025-08-12,35,2146.57,1369.45,638,Partner,Approved,22.8
A00229,2025-10-27,25,2130.39,851.88,803,Mobile App,Approved,1.0
A00230,2025-02-24,31,1436.32,739.0,659,Mobile App,Approved,20.2
A00231,2025-03-12,23,2545.57,2999.78,680,Partner,Approved,15.6
A00232,2025-07-06,33,2925.32,3314.34,592,Mobile App,Rejected,7.4
A00233,2025-12-31,45,687.42,981.75,727,Mobile App,Approved,25.5
A00234,2025-11-21,26,2948.94,2599.84,686,Mobile App,Approved,12.1
A00235,2025-03-09,27,2844.7,2656.02,686,Web,Approved,16.3
A00236,2025-08-05,37,415.89,1175.47,715,Partner,Rejected,14.8
A00237,2025-07-08,41,2773.1,2487.63,639,Web,Approved,19.3
A00238,2025-11-13,22,2835.53,318.74,603,Mobile App,Rejected,19.7
A00239,2025-06-27,51,2569.68,2243.95,756,Mobile App,Approved,9.8
A00240,2025-10-22,39,886.67,204.94,707,Mobile App,Approved,11.1
A00241,2025-01-03,43,1896.09,2067.64,749,Mobile App,Approved,24.3
A00242,2025-09-11,58,1443.63,3360.98,665,Mobile App,Approved,25.0
A00243,2025-05-26,34,3305.61,1079.8,651,Partner,Approved,13.5
A00244,2025-02-11,52,2831.93,2849.2,643,Partner,Rejected,13.0
A00245,2025-06-17,43,649.72,3728.32,658,Partner,Rejected,15.1
A00246,2025-02-14,48,3148.61,295.66,640,Web,Approved,23.4
A00247,2025-08-08,55,1928.75,1641.36,746,Mobile App,Rejected,10.5
A00248,2025-08-24,29,2024.37,3067.01,587,Partner,Rejected,19.1
A00249,2025-01-18,43,2181.98,2182.58,754,Web,Rejected,12.9
A00250,2025-12-05,56,2687.26,844.29,596,Web,Rejected,15.9
A00251,2025-10-24,35,747.08,1955.67,779,Mobile App,Rejected,1.0
A00252,2025-09-17,33,1192.57,3067.99,711,Partner,Rejected,11.8
A00253,2025-03-21,30,3420.52,2948.01,624,Web,Rejected,17.5
A00254,2025-03-24,36,1383.44,919.24,595,Partner,Rejected,16.1
A00255,2025-02-22,31,3381.51,586.22,765,Mobile App,Approved,19.2
A00256,2025-06-04,40,1720.01,945.53,623,Mobile App,Rejected,1.5
A00257,2025-05-24,34,3138.53,1962.88,596,Web,Approved,5.1
A00258,2025-12-22,35,1926.53,2603.04,783,Mobile App,Approved,16.3
A00259,2025-05-12,46,367.38,1120.68,612,Partner,Rejected,4.9
A00260,2025-10-21,58,2709.67,1800.39,610,Partner,Approved,15.6
A00261,2025-12-01,58,3035.2,2782.47,596,Web,Rejected,25.7
A00262,2025-08-10,41,1168.4,2862.47,631,Mobile App,Rejected,8.5
A00263,2025-07-24,31,1137.69,1809.6,700,Partner,Approved,28.2
A00264,2025-07-29,54,2477.02,3734.75,766,Partner,Approved,14.6
A00265,2025-06-17,21,1574.43,2061.39,696,Mobile App,Rejected,15.0
A00266,2025-05-09,55,1036.33,2921.62,714,Mobile App,Rejected,15.8
A00267,2025-09-23,43,668.42,2383.33,618,Partner,Rejected,5.2
A00268,2025-09-01,53,400.74,3211.75,691,Web,Rejected,5.7
A00269,2025-07-30,50,1011.78,2800.57,768,Mobile App,Approved,18.3
A00270,2025-11-11,43,2358.34,1159.34,613,Mobile App,Rejected,11.7
A00271,2025-01-07,25,1668.53,1798.08,647,Web,Rejected,13.1
A00272,2025-10-25,37,694.16,1353.28,741,Partner,Rejected,3.9
A00273,2025-04-23,46,1805.67,825.23,558,Mobile App,Rejected,16.4
A00274,2025-11-21,33,1827.85,2335.8,668,Mobile App,Approved,19.1
A00275,2025-06-30,47,1824.52,1318.5,708,Mobile App,Approved,16.7
A00276,2025-08-29,43,2818.32,1075.72,731,Partner,Approved,11.7
A00277,2025-05-10,48,2488.28,2029.96,684,Web,Rejected,8.2
A00278,2025-07-03,36,2411.37,1417.22,606,Partner,Rejected,18.3
A00279,2025-11-23,26,2426.68,1577.24,716,Web,Rejected,1.0
A00280,2025-01-30,26,2957.88,3642.06,607,Mobile App,Rejected,16.0
A00281,2025-09-29,43,2344.46,256.95,749,Mobile App,Approved,13.3
A00282,2025-12-02,39,1137.58,585.75,668,Mobile App,Approved,8.1
A00283,2025-04-06,49,1441.3,780.15,820,Partner,Rejected,17.3
A00284,2025-03-27,26,2455.64,3596.87,738,Web,Approved,22.6
A00285,2025-04-12,52,2532.3,2217.02,740,Web,Approved,22.3
A00286,2025-12-10,28,2098.45,1205.08,658,Mobile App,Approved,23.2
A00287,2025-08-31,52,2105.19,2040.61,685,Partner,Rejected,23.1
A00288,2025-09-09,36,1919.25,2250.26,632,Mobile App,Rejected,10.2
A00289,2025-03-24,41,1824.08,2337.76,722,Web,Approved,27.0
A00290,2025-07-11,48,1669.27,3850.33,689,Partner,Approved,13.0
A00291,2025-07-04,22,414.76,374.31,672,Web,Rejected,10.5
A00292,2025-02-18,53,1875.14,3077.25,803,Mobile App,Approved,24.3
A00293,2025-08-01,29,1416.61,3474.42,762,Web,Approved,20.1
A00294,2025-09-27,56,2777.31,1000.76,643,Web,Approved,26.2
A00295,2025-05-09,56,516.07,1298.76,787,Web,Rejected,18.1
A00296,2025-07-26,42,1936.81,1232.45,678,Mobile App,Approved,25.6
A00297,2025-12-02,52,2844.65,1457.41,655,Web,Approved,23.4
A00298,2025-03-07,58,3414.16,532.79,633,Web,Rejected,7.2
A00299,2025-10-11,46,2068.01,388.86,716,Mobile App,Approved,20.4
A00300,2025-01-24,33,2939.18,2005.2,803,Mobile App,Approved,16.0
A00301,2025-09-14,55,2276.98,2543.46,681,Partner,Rejected,6.0
A00302,2025-12-19,26,1019.38,2734.61,558,Mobile App,Rejected,1.5
A00303,2025-02-21,32,3088.0,1801.97,710,Partner,Approved,9.8
A00304,2025-01-07,44,3096.55,727.04,753,Partner,Approved,28.0
A00305,2025-05-13,40,932.05,330.12,661,Partner,Approved,29.6
A00306,2025-11-25,58,3291.65,407.55,694,Mobile App,Approved,25.9
A00307,2025-03-02,47,2162.26,3690.79,665,Mobile App,Approved,24.7
A00308,2025-12-15,45,2220.67,3973.88,618,Mobile App,Rejected,18.4
A00309,2025-09-01,47,2078.74,515.11,650,Mobile App,Approved,17.1
A00310,2025-11-17,21,1695.05,235.44,721,Mobile App,Approved,19.2
A00311,2025-04-22,28,756.25,267.55,675,Mobile App,Rejected,19.1
A00312,2025-08-19,32,3256.83,1590.32,732,Partner,Approved,8.3
A00313,2025-03-16,26,1273.4,2318.46,716,Partner,Approved,22.7
A00314,2025-05-11,24,2609.21,243.32,631,Partner,Approved,20.7
A00315,2025-12-18,26,1575.19,1387.48,593,Web,Rejected,24.1
A00316,2025-11-08,24,1346.28,3805.29,664,Web,Rejected,13.5
A00317,2025-12-13,31,806.46,3229.97,757,Partner,Rejected,13.0
A00318,2025-03-25,47,1852.43,3156.75,718,Web,Approved,10.7
A00319,2025-10-18,42,1271.02,430.42,642,Partner,Rejected,4.3
A00320,2025-11-04,42,3089.11,2957.7,666,Mobile App,Approved,25.2
A00321,2025-11-04,40,2191.7,3910.27,694,Web,Approved,24.2
A00322,2025-12-17,45,2245.61,3605.24,613,Web,Rejected,7.8
A00323,2025-12-19,21,1362.81,1218.49,649,Mobile App,Approved,22.0
A00324,2025-05-28,30,2907.02,3495.38,703,Web,Approved,17.9
A00325,2025-10-08,52,1442.59,523.24,720,Web,Approved,16.9
A00326,2025-04-13,35,1324.83,418.73,678,Partner,Approved,27.1
A00327,2025-04-16,37,2197.12,235.6,641,Partner,Approved,19.3
A00328,2025-02-14,55,2890.71,3134.23,784,Partner,Approved,18.7
A00329,2025-09-24,37,3138.05,2183.06,725,Partner,Approved,13.8
A00330,2025-04-14,33,1019.98,550.32,807,Web,Rejected,1.0
A00331,2025-07-05,57,2127.96,1729.47,606,Mobile App,Rejected,6.6
A00332,2025-05-07,23,3256.25,2074.42,785,Web,Rejected,16.5
A00333,2025-11-20,50,2830.14,793.39,662,Web,Rejected,5.0
A00334,2025-05-24,54,2262.48,557.52,703,Partner,Approved,18.8
A00335,2025-09-06,58,2136.63,1194.07,634,Web,Rejected,3.6
A00336,2025-02-19,49,2766.83,3311.56,608,Web,Rejected,15.5
A00337,2025-01-20,42,983.12,886.79,700,Mobile App,Approved,18.5
A00338,2025-01-18,56,1514.34,2881.17,670,Mobile App,Approved,5.6
A00339,2025-11-03,46,3254.79,2884.23,683,Web,Approved,10.8
A00340,2025-10-17,35,2367.99,3834.4,682,Web,Rejected,17.3
A00341,2025-04-04,49,3026.54,1609.46,636,Partner,Approved,10.8
A00342,2025-04-24,32,471.69,1172.28,744,Partner,Rejected,16.5
A00343,2025-01-15,24,1162.4,2150.67,638,Web,Rejected,1.0
A00344,2025-01-29,27,806.11,3068.81,676,Partner,Rejected,18.4
A00345,2025-06-02,58,2213.12,3080.01,752,Web,Approved,13.3
A00346,2025-07-10,37,1578.65,1624.94,638,Web,Approved,14.9
A00347,2025-05-03,30,3230.04,3590.25,734,Mobile App,Approved,9.8
A00348,2025-01-19,31,3272.19,1038.1,672,Web,Rejected,7.5
A00349,2025-03-13,49,3367.55,3718.57,697,Mobile App,Approved,7.1
A00350,2025-11-18,25,1774.85,1491.16,704,Web,Rejected,10.5
A00351,2025-03-01,44,799.72,1042.27,665,Partner,Approved,21.7
A00352,2025-08-20,56,3151.35,1868.09,754,Web,Approved,6.1
A00353,2025-07-30,36,840.41,1230.21,745,Web,Rejected,17.9
A00354,2025-03-27,37,1896.67,1408.65,660,Mobile App,Rejected,23.8
A00355,2025-03-20,53,529.09,3601.14,692,Mobile App,Rejected,23.1
A00356,2025-10-14,51,2981.14,652.92,641,Web,Rejected,7.9
A00357,2025-08-10,37,3493.97,3715.3,759,Web,Approved,33.1
A00358,2025-08-01,31,531.07,2960.6,721,Partner,Rejected,20.2
A00359,2025-01-09,49,2892.12,1495.44,649,Mobile App,Approved,8.7
A00360,2025-09-27,39,935.33,1853.95,665,Mobile App,Rejected,24.5
A00361,2025-05-22,57,919.16,3404.81,559,Mobile App,Rejected,10.5
A00362,2025-12-31,32,969.64,501.21,555,Partner,Approved,18.8
A00363,2025-09-11,38,902.25,720.76,736,Partner,Rejected,5.3
A00364,2025-04-09,58,1320.34,238.14,653,Partner,Rejected,23.3
A00365,2025-07-28,24,1983.15,1521.04,674,Partner,Approved,9.3
A00366,2025-09-10,26,398.65,3658.82,594,Partner,Rejected,1.0
A00367,2025-05-17,36,936.06,3360.17,730,Mobile App,Rejected,8.8
A00368,2025-12-26,44,2161.0,3460.68,748,Web,Approved,24.1
A00369,2025-09-22,25,730.43,2915.44,637,Web,Rejected,10.3
A00370,2025-12-31,45,2165.38,3612.56,730,Mobile App,Approved,19.0
A00371,2025-09-11,49,1966.94,2215.94,697,Mobile App,Approved,6.5
A00372,2025-05-05,26,1054.65,893.1,738,Web,Approved,11.9
A00373,2025-10-12,22,411.27,3719.98,532,Web,Rejected,9.7
A00374,2025-01-10,57,1811.41,1105.8,707,Web,Approved,32.7
A00375,2025-02-18,32,492.29,667.59,655,Partner,Rejected,4.7
A00376,2025-05-24,28,734.42,1741.47,818,Partner,Approved,19.1
A00377,2025-04-27,35,813.74,2376.8,663,Mobile App,Rejected,6.5
A00378,2025-01-10,45,2535.69,2468.75,614,Mobile App,Rejected,24.4
A00379,2025-07-22,24,2797.26,1486.48,662,Web,Approved,14.2
A00380,2025-08-12,57,2883.79,3668.53,646,Partner,Rejected,25.0
A00381,2025-01-28,41,1979.73,3839.87,641,Mobile App,Rejected,18.4
A00382,2025-08-05,21,1497.96,2217.03,697,Web,Approved,19.7
A00383,2025-04-13,53,2457.79,1056.82,622,Web,Approved,22.6
A00384,2025-08-21,23,2899.2,3560.62,784,Mobile App,Rejected,13.6
A00385,2025-11-25,38,3241.48,2569.19,620,Mobile App,Rejected,5.0
A00386,2025-11-15,27,1139.33,2177.16,692,Mobile App,Approved,16.1
A00387,2025-05-28,28,1312.05,2660.58,673,Partner,Approved,18.1
A00388,2025-09-21,38,616.09,2442.94,584,Web,Rejected,19.5
A00389,2025-03-05,53,763.81,1315.68,695,Web,Rejected,13.5
A00390,2025-05-21,36,2668.18,3013.53,695,Web,Approved,24.5
A00391,2025-11-09,57,1048.09,1669.28,683,Web,Approved,12.0
A00392,2025-08-24,56,1306.66,2015.85,755,Mobile App,Rejected,11.0
A00393,2025-05-05,42,1047.98,2147.31,632,Partner,Approved,7.1
A00394,2025-07-22,21,3261.2,816.72,680,Web,Rejected,6.7
A00395,2025-10-13,41,1897.93,1282.32,646,Web,Rejected,17.1
A00396,2025-01-30,22,849.49,453.84,682,Web,Rejected,21.1
A00397,2025-12-03,24,1978.54,3370.45,699,Mobile App,Approved,15.2
A00398,2025-09-24,35,3466.32,2775.11,658,Web,Rejected,10.4
A00399,2025-06-22,43,792.03,969.47,722,Web,Rejected,14.2
A00400,2025-09-23,27,2677.11,3024.46,653,Web,Rejected,19.9
A00401,2025-05-18,29,1651.06,592.75,686,Partner,Approved,14.7
A00402,2025-10-27,28,1918.33,3858.42,581,Web,Rejected,17.1
A00403,2025-05-24,28,1545.62,1918.68,695,Partner,Approved,18.4
A00404,2025-06-30,39,1461.8,2199.26,651,Partner,Rejected,8.2
A00405,2025-06-14,21,2829.3,3428.35,665,Web,Approved,19.6
A00406,2025-06-03,32,2041.15,3251.22,671,Web,Approved,17.0
A00407,2025-10-25,35,626.98,3696.61,649,Partner,Rejected,16.4
A00408,2025-05-05,41,993.58,1820.5,695,Mobile App,Rejected,8.7
A00409,2025-01-14,24,1158.13,3604.39,729,Partner,Approved,23.5
A00410,2025-06-09,55,2302.98,1861.21,732,Partner,Rejected,13.1
A00411,2025-12-17,48,1576.98,1559.31,667,Web,Rejected,5.9
A00412,2025-08-20,21,2480.9,2195.94,729,Web,Approved,3.0
A00413,2025-09-14,46,2392.89,3727.97,654,Mobile App,Approved,15.6
A00414,2025-08-04,52,1615.17,3115.85,735,Partner,Rejected,14.0
A00415,2025-06-25,54,2701.37,550.52,617,Web,Rejected,4.0
A00416,2025-02-08,40,1964.67,619.94,632,Partner,Rejected,14.7
A00417,2025-06-25,53,3147.65,1799.37,683,Web,Approved,16.6
A00418,2025-09-19,34,1940.4,914.81,635,Partner,Approved,16.5
A00419,2025-10-17,27,1462.53,3976.25,744,Mobile App,Rejected,6.3
A00420,2025-12-21,47,383.81,210.56,682,Partner,Rejected,25.3
A00421,2025-01-03,40,1602.33,574.29,716,Mobile App,Approved,14.8
A00422,2025-04-11,32,1918.26,2302.35,722,Partner,Approved,12.7
A00423,2025-09-30,53,3490.9,2382.98,680,Mobile App,Approved,28.9
A00424,2025-03-16,31,1983.04,2136.05,803,Mobile App,Approved,6.0
A00425,2025-03-29,54,1894.84,1976.57,725,Mobile App,Approved,31.6
A00426,2025-11-29,21,2506.38,2399.6,644,Mobile App,Approved,19.8
A00427,2025-07-01,38,883.66,1213.12,777,Partner,Approved,14.6
A00428,2025-02-02,43,953.71,2571.21,709,Mobile App,Approved,17.6
A00429,2025-07-22,58,2756.78,366.91,554,Mobile App,Approved,20.4
A00430,2025-05-08,35,488.53,3737.13,668,Web,Rejected,20.5
A00431,2025-01-04,50,1306.58,2489.7,816,Web,Rejected,18.8
A00432,2025-02-04,36,2483.44,2764.66,656,Web,Rejected,17.2
A00433,2025-06-08,46,3107.22,2040.68,693,Mobile App,Rejected,21.2
A00434,2025-02-14,32,885.26,1640.24,586,Web,Approved,9.8
A00435,2025-07-22,56,1493.25,1473.06,547,Web,Rejected,18.2
A00436,2025-07-26,25,3377.87,1804.65,678,Partner,Rejected,9.5
A00437,2025-05-06,45,952.27,1277.63,632,Mobile App,Approved,14.0
A00438,2025-05-23,22,1425.48,792.39,619,Mobile App,Rejected,11.8
A00439,2025-04-11,38,2066.33,3192.35,647,Web,Approved,27.7
A00440,2025-05-03,31,1508.94,1022.61,701,Partner,Approved,12.3
A00441,2025-10-25,34,1286.35,2008.62,642,Web,Approved,26.4
A00442,2025-12-12,29,3317.57,3992.09,709,Web,Approved,20.1
A00443,2025-10-28,44,2034.18,1735.77,726,Mobile App,Approved,29.1
A00444,2025-03-04,53,638.13,3437.06,600,Web,Rejected,8.8
A00445,2025-01-15,57,806.97,257.0,566,Partner,Rejected,17.5
A00446,2025-04-01,35,1361.27,2718.45,655,Partner,Approved,13.3
A00447,2025-07-05,53,2739.13,932.73,630,Mobile App,Rejected,18.8
A00448,2025-04-26,39,747.32,2923.43,670,Web,Rejected,10.3
A00449,2025-08-26,29,3300.73,870.3,761,Partner,Approved,10.7
A00450,2025-12-20,43,3175.37,296.0,597,Web,Rejected,32.2
A00451,2025-05-08,46,1459.16,2589.54,656,Mobile App,Approved,14.2
A00452,2025-05-19,35,2594.65,353.72,632,Mobile App,Approved,17.0
A00453,2025-08-09,33,2734.42,793.52,730,Partner,Approved,23.3
A00454,2025-06-09,32,2128.33,1065.09,715,Partner,Approved,16.0
A00455,2025-05-11,48,2460.92,2386.05,583,Mobile App,Rejected,16.0
A00456,2025-12-02,39,3188.37,3525.43,778,Partner,Approved,25.5
A00457,2025-01-25,36,2495.37,341.1,669,Web,Approved,23.6
A00458,2025-02-14,47,2538.23,1695.81,654,Mobile App,Rejected,13.6
A00459,2025-05-24,54,633.29,3796.17,599,Web,Rejected,11.8
A00460,2025-12-21,53,2676.62,3353.96,689,Web,Rejected,12.8
A00461,2025-09-18,24,2481.25,982.68,730,Mobile App,Approved,31.2
A00462,2025-09-08,33,487.63,2870.41,765,Web,Rejected,11.9
A00463,2025-03-31,55,865.64,3167.27,632,Web,Approved,13.4
A00464,2025-05-08,24,879.36,1519.47,616,Partner,Approved,18.2
A00465,2025-06-09,29,780.14,2886.5,707,Mobile App,Rejected,15.3
A00466,2025-12-28,36,368.52,2827.8,692,Partner,Approved,19.1
A00467,2025-06-29,40,770.21,2889.32,671,Mobile App,Rejected,8.8
A00468,2025-06-20,28,2077.02,3089.96,792,Partner,Approved,25.3
A00469,2025-03-21,50,2994.38,1743.18,620,Partner,Approved,11.7
A00470,2025-05-29,21,1485.51,984.44,641,Web,Approved,18.2
A00471,2025-06-05,33,698.38,1373.88,761,Mobile App,Rejected,21.1
A00472,2025-06-16,49,1826.28,1579.31,749,Mobile App,Approved,25.6
A00473,2025-01-24,21,1825.81,3923.33,751,Partner,Approved,23.2
A00474,2025-06-19,57,1182.96,2651.41,709,Web,Rejected,13.2
A00475,2025-04-08,55,1363.71,1565.32,566,Web,Approved,17.1
A00476,2025-11-18,37,2407.18,496.95,797,Mobile App,Approved,14.2
A00477,2025-07-22,30,1283.39,905.79,639,Partner,Rejected,21.1
A00478,2025-03-28,27,2821.54,3355.5,685,Web,Rejected,10.6
A00479,2025-07-14,32,2389.01,1553.74,781,Mobile App,Approved,22.4
A00480,2025-10-10,44,2989.14,1163.49,729,Mobile App,Approved,14.0
A00481,2025-10-18,46,3201.37,3790.75,712,Web,Approved,20.6
A00482,2025-03-22,40,2248.27,2580.68,730,Mobile App,Approved,26.0
A00483,2025-03-25,29,1746.04,3885.29,753,Mobile App,Approved,19.2
A00484,2025-08-14,51,951.06,2947.21,724,Partner,Approved,10.0
A00485,2025-09-19,48,800.96,473.58,721,Partner,Approved,22.8
A00486,2025-08-04,42,547.56,233.43,654,Mobile App,Rejected,8.6
A00487,2025-03-26,45,1281.58,1883.99,676,Web,Approved,9.5
A00488,2025-10-18,33,1826.84,2262.34,702,Web,Approved,20.1
A00489,2025-10-01,30,3419.26,3854.91,618,Mobile App,Rejected,14.3
A00490,2025-12-13,42,2268.82,1328.75,749,Web,Approved,25.4
A00491,2025-09-04,29,1292.83,1504.95,745,Mobile App,Rejected,12.9
A00492,2025-04-07,35,2487.85,1899.91,658,Partner,Approved,15.3
A00493,2025-10-24,44,2097.86,3784.08,718,Mobile App,Approved,34.5
A00494,2025-10-17,49,1598.48,634.16,771,Mobile App,Approved,29.1
A00495,2025-10-08,28,1046.97,3381.82,767,Mobile App,Rejected,2.7
A00496,2025-09-29,37,2583.66,1062.56,666,Partner,Approved,15.0
A00497,2025-10-21,28,2667.1,3655.16,761,Web,Approved,29.8
A00498,2025-12-14,25,2871.05,710.28,636,Partner,Approved,18.3
A00499,2025-02-28,53,671.59,3354.8,716,Mobile App,Rejected,10.6
A00500,2025-04-09,57,1846.59,553.84,639,Partner,Approved,13.3
A00501,2025-01-30,46,1096.24,1614.92,737,Partner,Approved,11.6
A00502,2025-04-20,50,1294.78,2888.22,753,Mobile App,Approved,18.6
A00503,2025-11-15,33,2123.32,3686.52,728,Mobile App,Rejected,24.8
A00504,2025-07-07,42,2882.95,2997.07,636,Web,Approved,12.3
A00505,2025-03-04,36,1525.0,3001.55,707,Partner,Rejected,6.8
A00506,2025-09-08,23,2922.12,1543.08,632,Web,Approved,17.2
A00507,2025-11-05,28,457.56,3658.87,690,Web,Approved,9.3
A00508,2025-04-09,49,417.04,3957.18,655,Mobile App,Rejected,18.1
A00509,2025-09-07,28,582.33,1182.0,767,Web,Approved,4.3
A00510,2025-12-18,45,2984.05,2435.6,764,Partner,Approved,24.2
A00511,2025-05-18,49,393.47,1501.0,609,Partner,Approved,7.7
A00512,2025-09-05,23,2871.43,334.74,707,Partner,Approved,15.1
A00513,2025-12-14,46,3005.32,3876.61,688,Web,Rejected,20.0
A00514,2025-07-21,35,3100.01,2521.21,655,Web,Approved,19.1
A00515,2025-09-28,34,1330.46,697.5,710,Mobile App,Rejected,20.2
A00516,2025-03-28,44,2640.82,1459.2,794,Web,Approved,29.9
A00517,2025-06-10,21,1406.84,2037.06,695,Mobile App,Approved,16.4
A00518,2025-08-24,23,2337.25,2962.46,820,Web,Approved,22.5
A00519,2025-05-20,25,1925.01,1195.86,707,Partner,Approved,10.3
A00520,2025-10-27,29,3475.37,329.62,730,Mobile App,Approved,12.6
A00521,2025-04-13,48,2344.27,2611.57,650,Web,Approved,8.7
A00522,2025-05-02,30,2496.2,1355.18,646,Partner,Rejected,14.4
A00523,2025-07-05,53,3037.59,1131.77,582,Partner,Rejected,7.8
A00524,2025-07-27,42,540.41,1481.42,674,Web,Rejected,5.2
A00525,2025-09-15,44,3166.73,3275.03,599,Mobile App,Rejected,8.2
A00526,2025-03-11,34,372.78,3509.71,589,Web,Rejected,18.3
A00527,2025-07-22,57,2782.9,3732.02,615,Mobile App,Rejected,19.4
A00528,2025-06-04,40,1144.17,2373.21,739,Web,Rejected,5.7
A00529,2025-02-07,33,2187.53,504.12,682,Partner,Approved,14.7
A00530,2025-06-30,50,1474.48,3142.87,606,Mobile App,Rejected,11.7
A00531,2025-09-06,41,3182.18,1248.31,664,Mobile App,Approved,23.0
A00532,2025-03-26,38,1096.24,276.25,746,Web,Approved,10.3
A00533,2025-04-13,39,3071.83,2662.76,653,Partner,Approved,21.7
A00534,2025-01-30,29,2243.22,501.37,756,Partner,Approved,1.0
A00535,2025-06-24,29,365.91,1228.4,762,Mobile App,Rejected,12.8
A00536,2025-11-24,41,3257.1,1006.46,779,Partner,Approved,15.0
A00537,2025-01-14,52,1626.75,2780.06,626,Mobile App,Approved,18.3
A00538,2025-08-01,23,624.67,2528.61,755,Partner,Rejected,14.2
A00539,2025-07-24,37,3311.75,3518.59,527,Web,Approved,22.8
A00540,2025-10-16,41,526.46,2533.08,575,Web,Rejected,7.2
A00541,2025-03-22,26,408.59,999.83,604,Mobile App,Rejected,1.2
A00542,2025-07-03,44,1683.18,2246.91,598,Partner,Rejected,7.1
A00543,2025-03-20,57,1392.14,3016.12,640,Partner,Approved,17.6
A00544,2025-09-02,23,2794.37,1375.16,658,Partner,Rejected,3.6
A00545,2025-08-21,56,1226.53,2188.62,668,Mobile App,Rejected,20.8
A00546,2025-05-10,21,2108.12,579.2,741,Web,Approved,18.9
A00547,2025-03-19,35,1612.66,3920.52,720,Partner,Rejected,20.2
A00548,2025-03-10,28,539.52,2107.03,768,Mobile App,Rejected,25.9
A00549,2025-05-13,44,2673.43,3630.86,659,Mobile App,Rejected,12.1
A00550,2025-09-28,22,1455.11,2896.6,775,Web,Approved,28.9
A00551,2025-04-20,43,3188.24,1678.31,780,Mobile App,Approved,1.6
A00552,2025-02-25,21,556.13,2652.75,665,Web,Rejected,1.0
A00553,2025-01-31,35,2127.23,1757.72,727,Partner,Rejected,14.4
A00554,2025-11-18,35,446.73,278.91,683,Mobile App,Rejected,13.0
A00555,2025-04-29,43,990.1,3084.84,764,Web,Rejected,11.9
A00556,2025-09-13,34,3441.24,3205.15,747,Web,Approved,21.9
A00557,2025-03-11,40,1240.08,1459.81,703,Mobile App,Approved,21.2
A00558,2025-03-24,41,2500.74,2470.85,687,Partner,Approved,10.3
A00559,2025-01-27,34,3031.74,2994.93,726,Web,Approved,23.0
A00560,2025-04-04,48,3071.5,3980.33,670,Mobile App,Approved,23.1
A00561,2025-02-27,30,3419.16,235.82,738,Mobile App,Rejected,5.0
A00562,2025-09-15,43,657.28,841.22,670,Mobile App,Rejected,10.9
A00563,2025-08-01,42,2372.81,2728.33,621,Web,Approved,20.3
A00564,2025-01-17,58,1089.03,3210.02,625,Mobile App,Rejected,11.0
A00565,2025-03-11,53,2224.82,2384.43,695,Partner,Rejected,16.4
A00566,2025-01-11,24,3470.96,1402.66,700,Mobile App,Rejected,29.6
A00567,2025-09-07,29,2005.06,209.77,647,Partner,Approved,19.8
A00568,2025-03-17,55,1927.3,626.98,601,Web,Rejected,17.4
A00569,2025-02-09,43,3407.05,3442.07,754,Mobile App,Rejected,22.5
A00570,2025-02-07,38,2566.29,257.79,638,Mobile App,Approved,16.0
A00571,2025-04-11,53,500.75,3200.17,762,Web,Rejected,13.3
A00572,2025-01-06,41,2517.65,2681.84,742,Partner,Approved,11.2
A00573,2025-06-19,47,3444.44,3521.48,769,Web,Approved,25.2
A00574,2025-08-05,41,2050.99,1655.31,710,Web,Approved,12.4
A00575,2025-07-29,30,3179.01,2612.92,669,Partner,Approved,19.1
A00576,2025-05-11,45,3471.69,3337.11,697,Mobile App,Rejected,13.3
A00577,2025-11-14,23,3211.84,388.14,665,Web,Rejected,15.3
A00578,2025-12-17,49,2079.19,1399.34,770,Mobile App,Rejected,1.0
A00579,2025-08-31,51,1956.91,2450.72,590,Mobile App,Rejected,3.2
A00580,2025-11-19,45,1468.89,443.65,635,Web,Rejected,1.8
A00581,2025-11-10,41,576.78,3229.8,715,Partner,Rejected,14.7
A00582,2025-05-16,37,3212.55,1998.45,663,Partner,Rejected,9.2
A00583,2025-10-29,51,2147.72,3997.76,690,Partner,Approved,19.2
A00584,2025-07-06,54,995.25,842.7,701,Partner,Rejected,8.9
A00585,2025-03-30,30,2938.94,1949.14,722,Partner,Approved,7.7
A00586,2025-01-23,41,1550.98,3362.06,761,Mobile App,Approved,1.0
A00587,2025-07-29,30,2563.26,1625.56,641,Partner,Approved,9.6
A00588,2025-09-25,54,1302.56,2716.5,731,Web,Approved,7.6
A00589,2025-08-17,28,1765.34,2017.69,798,Partner,Approved,7.2
A00590,2025-03-18,21,2492.57,1594.32,811,Mobile App,Approved,21.1
A00591,2025-11-15,44,1998.67,3245.92,681,Partner,Approved,21.1
A00592,2025-04-13,21,2147.23,419.39,820,Partner,Approved,24.3
A00593,2025-10-06,38,3238.31,1171.36,534,Web,Approved,26.4
A00594,2025-02-16,54,2353.85,3463.79,695,Web,Approved,6.7
A00595,2025-05-29,44,3249.64,2926.14,729,Mobile App,Approved,9.5
A00596,2025-12-31,39,3404.82,1837.67,691,Web,Rejected,15.6
A00597,2025-06-30,36,1563.88,2399.06,637,Mobile App,Rejected,18.5
A00598,2025-12-31,58,1522.92,2729.29,613,Mobile App,Rejected,15.3
A00599,2025-02-10,49,1545.12,2198.1,644,Partner,Approved,16.7
A00600,2025-01-14,27,2217.25,1957.66,804,Web,Approved,18.8
A00601,2025-08-01,51,905.13,447.36,609,Mobile App,Rejected,13.2
A00602,2025-09-20,21,2461.7,3013.7,629,Mobile App,Approved,18.2
A00603,2025-12-15,39,2094.63,3123.07,690,Mobile App,Rejected,14.6
A00604,2025-02-16,35,3020.85,2369.9,685,Web,Approved,14.2
A00605,2025-02-15,34,2127.9,409.02,709,Partner,Approved,25.4
A00606,2025-06-21,51,3068.44,2291.43,639,Partner,Rejected,13.6
A00607,2025-03-13,47,2923.08,3513.34,683,Web,Approved,26.8
A00608,2025-04-08,54,3444.02,907.36,750,Partner,Approved,12.9
A00609,2025-05-15,26,1336.08,1169.09,684,Partner,Rejected,3.5
A00610,2025-07-22,53,3140.26,2788.04,617,Mobile App,Rejected,14.1
A00611,2025-07-14,48,3048.42,1176.92,720,Mobile App,Approved,24.7
A00612,2025-04-17,55,2404.6,3743.31,659,Partner,Rejected,4.5
A00613,2025-10-26,30,1502.04,3245.51,705,Partner,Approved,16.8
A00614,2025-10-12,24,2647.17,232.34,707,Partner,Approved,19.1
A00615,2025-06-15,23,1211.7,3225.14,726,Partner,Approved,22.6
A00616,2025-04-18,58,2273.79,1742.82,734,Mobile App,Approved,14.8
A00617,2025-04-15,24,917.42,3460.87,744,Mobile App,Approved,14.5
A00618,2025-02-06,52,917.52,3705.11,685,Mobile App,Rejected,27.0
A00619,2025-09-13,35,2472.63,2764.84,703,Mobile App,Approved,9.8
A00620,2025-10-01,31,809.19,3687.86,776,Mobile App,Approved,25.0
A00621,2025-08-27,27,985.13,547.82,754,Mobile App,Approved,19.4
A00622,2025-12-04,37,2574.56,1881.14,702,Mobile App,Approved,16.4
A00623,2025-12-23,29,481.53,3377.28,634,Mobile App,Rejected,24.7
A00624,2025-10-26,41,2576.87,2933.56,656,Web,Approved,14.6
A00625,2025-06-16,56,3000.11,777.21,651,Mobile App,Rejected,27.0
A00626,2025-07-20,23,1381.99,792.74,737,Partner,Approved,15.4
A00627,2025-10-07,26,974.19,765.9,677,Web,Approved,21.6
A00628,2025-12-14,46,710.27,3348.28,737,Mobile App,Approved,6.7
A00629,2025-12-02,54,2007.96,1304.88,738,Web,Approved,16.5
A00630,2025-02-17,33,1876.94,3483.17,635,Partner,Rejected,11.3
A00631,2025-02-15,33,790.08,1230.46,731,Mobile App,Rejected,26.3
A00632,2025-10-24,40,452.07,2475.41,689,Web,Rejected,17.9
A00633,2025-04-10,30,2418.08,390.21,627,Web,Approved,21.4
A00634,2025-09-04,36,1388.1,1583.39,733,Web,Approved,7.6
A00635,2025-02-05,56,1783.2,3038.45,646,Mobile App,Approved,23.5
A00636,2025-11-01,46,1803.4,328.16,565,Mobile App,Rejected,11.4
A00637,2025-07-31,29,1658.28,3381.32,719,Partner,Approved,6.2
A00638,2025-12-06,31,1482.23,2718.43,654,Mobile App,Approved,18.4
A00639,2025-11-27,51,1305.66,1192.87,737,Mobile App,Approved,9.0
A00640,2025-03-01,30,1912.81,2236.75,752,Web,Approved,20.1
A00641,2025-05-06,31,2140.38,359.84,757,Mobile App,Approved,26.1
A00642,2025-05-26,46,2099.17,3954.55,702,Partner,Rejected,17.4
A00643,2025-10-01,53,1104.89,560.98,566,Mobile App,Approved,8.5
A00644,2025-09-08,57,1014.45,3026.08,614,Mobile App,Approved,15.6
A00645,2025-03-20,37,3494.2,1811.21,740,Mobile App,Approved,5.5
A00646,2025-05-30,57,3155.09,520.44,659,Mobile App,Approved,8.8
A00647,2025-05-05,53,2588.99,436.13,578,Partner,Approved,28.3
A00648,2025-06-22,27,479.85,2549.34,686,Web,Rejected,25.4
A00649,2025-06-25,26,2903.24,1954.8,756,Mobile App,Rejected,7.6
A00650,2025-06-12,47,2827.8,322.51,559,Mobile App,Rejected,28.5
A00651,2025-09-19,31,826.39,1508.41,653,Mobile App,Approved,10.0
A00652,2025-04-23,42,2582.08,454.17,724,Web,Approved,19.0
A00653,2025-01-20,52,2005.49,1454.01,636,Partner,Approved,15.6
A00654,2025-11-22,25,976.97,2575.59,690,Web,Rejected,14.5
A00655,2025-02-17,43,2185.75,3252.71,729,Partner,Approved,15.5
A00656,2025-09-12,29,1166.81,2835.98,657,Mobile App,Approved,22.2
A00657,2025-08-27,58,868.88,1666.13,700,Partner,Rejected,21.7
A00658,2025-06-03,58,2024.76,3794.57,663,Web,Approved,17.3
A00659,2025-04-29,36,973.74,1940.04,604,Web,Approved,28.5
A00660,2025-10-22,24,1584.84,3178.6,589,Partner,Rejected,15.4
A00661,2025-06-25,45,1629.66,530.97,622,Web,Rejected,16.4
A00662,2025-12-06,48,2847.79,217.08,728,Mobile App,Approved,6.5
A00663,2025-02-26,51,1668.77,2498.08,666,Web,Approved,5.7
A00664,2025-10-07,34,611.76,1696.71,771,Mobile App,Rejected,10.9
A00665,2025-05-30,42,627.13,1229.84,577,Web,Rejected,9.1
A00666,2025-07-28,55,2892.46,658.7,765,Mobile App,Approved,28.4
A00667,2025-07-12,32,1577.46,1464.11,762,Mobile App,Approved,12.5
A00668,2025-04-25,43,3153.05,2518.92,670,Web,Rejected,25.4
A00669,2025-06-07,52,1353.25,3529.59,632,Partner,Rejected,11.7
A00670,2025-04-07,31,1581.45,234.42,617,Mobile App,Rejected,5.9
A00671,2025-05-06,50,2130.57,2697.17,758,Partner,Approved,22.4
A00672,2025-02-21,56,2663.9,3061.94,709,Mobile App,Approved,22.1
A00673,2025-05-10,47,589.09,2571.27,746,Web,Rejected,24.6
A00674,2025-07-05,40,2432.67,2601.31,679,Partner,Approved,15.6
A00675,2025-12-13,24,3207.64,2092.84,613,Mobile App,Rejected,21.6
A00676,2025-01-30,28,2105.85,1901.39,646,Mobile App,Rejected,3.5
A00677,2025-11-07,50,460.59,1435.74,662,Web,Approved,18.2
A00678,2025-03-15,33,2200.78,2391.71,734,Web,Approved,25.0
A00679,2025-03-30,58,2370.71,1267.31,632,Web,Rejected,8.4
A00680,2025-10-06,22,1675.21,3916.97,658,Partner,Rejected,5.5
A00681,2025-11-24,45,1902.93,3903.42,672,Web,Approved,21.2
A00682,2025-06-15,31,2975.52,2083.89,682,Partner,Approved,6.7
A00683,2025-06-27,29,982.47,3268.27,602,Web,Approved,27.0
A00684,2025-09-24,31,2496.43,3648.84,614,Web,Rejected,19.2
A00685,2025-07-04,32,1207.9,3586.72,721,Partner,Approved,15.7
A00686,2025-06-14,49,1619.69,2789.91,615,Web,Rejected,15.5
A00687,2025-07-17,51,1190.57,975.1,622,Web,Rejected,12.8
A00688,2025-09-14,47,2356.9,3158.86,686,Mobile App,Approved,13.0
A00689,2025-05-23,55,1831.19,2323.23,665,Mobile App,Rejected,11.8
A00690,2025-05-21,46,1492.64,3686.46,599,Web,Rejected,12.7
A00691,2025-11-19,28,1168.14,3131.18,638,Partner,Approved,5.2
A00692,2025-10-18,40,1464.01,3771.71,658,Mobile App,Approved,16.0
A00693,2025-02-05,56,653.67,2490.49,640,Partner,Rejected,1.0
A00694,2025-02-26,40,872.65,870.39,730,Partner,Rejected,18.8
A00695,2025-12-21,28,2790.02,1699.09,722,Partner,Rejected,16.3
A00696,2025-06-24,46,1586.6,3261.78,598,Mobile App,Rejected,14.9
A00697,2025-12-31,30,2025.14,2180.54,619,Web,Rejected,29.3
A00698,2025-03-10,34,1417.0,450.61,646,Partner,Approved,22.7
A00699,2025-01-02,57,2453.61,2395.73,579,Partner,Rejected,5.7
A00700,2025-05-21,29,826.14,2751.89,645,Partner,Rejected,18.9
A00701,2025-03-05,39,3181.27,3023.43,715,Partner,Rejected,16.0
A00702,2025-07-15,39,763.53,2875.62,559,Partner,Rejected,21.9
A00703,2025-05-21,25,2780.3,2498.42,619,Partner,Rejected,25.3
A00704,2025-04-20,35,1324.14,1567.02,801,Mobile App,Approved,23.8
A00705,2025-07-04,22,2553.22,474.29,744,Web,Rejected,5.2
A00706,2025-04-22,21,1791.87,3103.15,820,Partner,Approved,19.5
A00707,2025-01-31,49,2209.27,2463.55,744,Partner,Approved,12.0
A00708,2025-08-28,28,1873.74,1317.77,675,Web,Rejected,5.7
A00709,2025-09-29,57,1075.41,2315.09,664,Web,Rejected,14.1
A00710,2025-10-23,55,2596.26,1047.35,696,Partner,Approved,27.8
A00711,2025-05-18,48,1529.39,3827.18,711,Mobile App,Approved,19.7
A00712,2025-10-27,28,1610.44,2145.93,682,Mobile App,Rejected,28.1
A00713,2025-12-08,24,2883.14,3853.09,642,Web,Approved,26.3
A00714,2025-02-06,51,2163.15,1839.05,552,Partner,Rejected,7.9
A00715,2025-11-13,50,950.82,2539.6,706,Mobile App,Approved,16.9
A00716,2025-05-25,33,590.82,3610.17,820,Mobile App,Approved,36.1
A00717,2025-12-27,33,2785.95,964.46,581,Web,Rejected,6.5
A00718,2025-01-12,22,547.6,981.44,670,Partner,Approved,30.2
A00719,2025-11-19,55,1180.94,1550.45,753,Partner,Approved,20.3
A00720,2025-06-11,43,1313.1,368.12,588,Web,Approved,12.1
A00721,2025-08-04,22,2884.13,1929.21,505,Mobile App,Approved,7.3
A00722,2025-03-20,44,2799.03,1990.8,707,Web,Rejected,19.5
A00723,2025-06-13,51,3176.5,3909.81,595,Partner,Rejected,14.8
A00724,2025-10-16,37,1950.0,995.3,785,Mobile App,Approved,19.2
A00725,2025-04-09,38,3327.73,3926.1,660,Partner,Approved,22.3
A00726,2025-07-16,31,2907.39,3397.22,714,Mobile App,Approved,18.6
A00727,2025-02-26,34,2642.83,2218.81,645,Mobile App,Approved,15.1
A00728,2025-08-26,23,992.47,2376.77,686,Web,Rejected,10.2
A00729,2025-06-23,56,3138.74,2041.21,766,Mobile App,Approved,24.3
A00730,2025-01-04,36,994.0,1547.45,751,Mobile App,Rejected,28.2
A00731,2025-10-30,29,3326.19,1872.14,782,Partner,Approved,28.0
A00732,2025-12-17,49,2749.33,2366.61,704,Web,Approved,16.7
A00733,2025-03-28,46,2403.49,3475.18,820,Partner,Rejected,9.3
A00734,2025-11-29,51,2529.9,1992.51,640,Web,Approved,11.9
A00735,2025-11-03,45,547.64,1106.68,694,Mobile App,Rejected,17.0
A00736,2025-01-03,46,2133.15,3031.86,747,Partner,Approved,16.5
A00737,2025-11-28,23,1114.26,3650.38,567,Mobile App,Approved,20.3
A00738,2025-01-20,50,503.34,1113.71,743,Mobile App,Rejected,14.3
A00739,2025-12-11,23,3280.62,2626.83,671,Web,Rejected,18.0
A00740,2025-01-22,30,1823.93,2019.62,773,Partner,Rejected,13.6
A00741,2025-02-19,32,801.25,2210.58,587,Web,Rejected,10.1
A00742,2025-02-24,53,2828.9,3580.73,669,Mobile App,Rejected,1.4
A00743,2025-02-06,22,2101.07,3321.14,730,Partner,Approved,12.7
A00744,2025-11-10,55,594.51,406.1,713,Web,Rejected,15.4
A00745,2025-08-23,46,2462.72,2327.62,659,Mobile App,Approved,29.4
A00746,2025-09-17,50,1007.59,2890.89,643,Partner,Rejected,9.3
A00747,2025-08-08,28,2279.94,528.14,699,Partner,Approved,23.9
A00748,2025-02-18,26,2650.05,3428.97,679,Mobile App,Rejected,7.1
A00749,2025-02-15,44,1213.1,1375.0,725,Web,Approved,22.2
A00750,2025-11-07,57,3432.49,3121.4,814,Mobile App,Approved,16.5
A00751,2025-01-23,28,2501.06,3115.99,693,Web,Approved,14.0
A00752,2025-08-22,47,3259.95,2383.15,583,Partner,Approved,18.5
A00753,2025-02-10,22,2987.14,2923.35,735,Partner,Approved,10.9
A00754,2025-03-11,48,2873.55,408.3,636,Web,Rejected,5.8
A00755,2025-08-15,37,2575.45,1160.06,767,Web,Approved,13.6
A00756,2025-01-15,41,1554.22,816.11,717,Partner,Approved,11.9
A00757,2025-12-02,51,2751.34,3379.93,684,Web,Rejected,9.6
A00758,2025-05-21,36,391.45,2243.79,527,Partner,Rejected,14.5
A00759,2025-07-02,42,355.45,3129.81,714,Web,Approved,3.4
A00760,2025-02-10,55,858.11,334.46,668,Web,Rejected,11.0
A00761,2025-11-18,42,1506.45,2241.67,609,Mobile App,Rejected,12.2
A00762,2025-04-19,54,518.22,2721.26,553,Web,Approved,19.8
A00763,2025-09-23,26,2390.55,1028.63,757,Mobile App,Approved,9.2
A00764,2025-05-14,48,2604.79,3960.87,675,Web,Approved,28.0
A00765,2025-11-11,31,2525.51,3034.9,687,Mobile App,Rejected,10.4
A00766,2025-06-24,37,3375.86,548.7,620,Partner,Rejected,15.2
A00767,2025-05-13,58,797.37,463.75,671,Web,Approved,22.4
A00768,2025-06-05,25,551.41,454.26,581,Web,Approved,25.5
A00769,2025-02-08,30,2105.49,2945.29,653,Partner,Rejected,18.5
A00770,2025-12-19,38,3250.24,1910.11,633,Web,Rejected,4.9
A00771,2025-06-05,46,1638.17,2820.18,643,Partner,Approved,11.3
A00772,2025-02-18,50,1428.39,3362.69,655,Mobile App,Approved,22.5
A00773,2025-02-24,34,2879.05,2748.74,750,Mobile App,Approved,19.4
A00774,2025-04-08,25,3200.39,800.54,644,Partner,Rejected,10.8
A00775,2025-06-09,37,918.91,745.91,718,Mobile App,Approved,26.0
A00776,2025-07-16,37,2404.52,2364.55,659,Mobile App,Approved,17.1
A00777,2025-06-01,21,1195.23,3736.79,631,Web,Rejected,15.4
A00778,2025-07-06,55,2626.32,725.77,742,Web,Approved,1.0
A00779,2025-07-09,44,873.63,2720.1,696,Mobile App,Rejected,10.1
A00780,2025-05-27,45,3286.6,314.34,528,Mobile App,Rejected,16.2
A00781,2025-07-16,44,1108.76,3592.91,674,Mobile App,Approved,20.6
A00782,2025-01-26,27,2440.45,3378.41,591,Mobile App,Approved,33.0
A00783,2025-08-30,49,1885.4,617.55,687,Web,Approved,15.6
A00784,2025-02-17,46,720.97,2022.18,779,Mobile App,Approved,22.6
A00785,2025-08-07,49,541.25,925.0,734,Web,Approved,26.1
A00786,2025-08-29,36,3300.25,2308.19,545,Mobile App,Approved,29.7
A00787,2025-09-05,34,2123.05,3506.82,657,Web,Rejected,16.0
A00788,2025-02-26,24,3322.64,2194.39,739,Mobile App,Approved,13.0
A00789,2025-09-19,41,1019.01,515.7,700,Web,Approved,23.3
A00790,2025-03-09,25,2891.21,2597.79,677,Web,Approved,21.5
A00791,2025-12-06,44,564.66,2873.2,575,Web,Rejected,5.7
A00792,2025-04-03,53,384.27,2681.29,605,Mobile App,Rejected,16.6
A00793,2025-11-26,51,2513.78,322.43,820,Web,Approved,19.8
A00794,2025-12-07,29,2401.08,751.14,670,Web,Rejected,13.5
A00795,2025-01-22,44,2417.84,2673.11,743,Mobile App,Approved,23.0
A00796,2025-11-03,50,3190.0,511.47,605,Mobile App,Approved,25.1
A00797,2025-05-27,49,3422.68,3389.21,678,Web,Approved,23.7
A00798,2025-10-26,33,3309.24,1727.57,550,Mobile App,Rejected,3.1
A00799,2025-07-04,51,1084.27,2012.79,718,Partner,Approved,5.4
A00800,2025-09-09,34,2306.84,1022.25,705,Mobile App,Rejected,16.4
A00801,2025-06-08,50,1203.59,3904.76,689,Mobile App,Rejected,16.5
A00802,2025-07-28,32,1430.97,2740.94,697,Web,Approved,21.1
A00803,2025-03-24,36,2958.29,200.6,653,Web,Rejected,13.8
A00804,2025-11-07,50,1846.46,2281.88,820,Web,Approved,26.0
A00805,2025-05-04,56,729.69,3848.95,719,Mobile App,Approved,20.7
A00806,2025-09-25,29,2181.45,3568.8,632,Mobile App,Approved,19.6
A00807,2025-08-05,31,602.71,3313.74,663,Web,Rejected,20.6
A00808,2025-10-19,35,3059.7,3836.34,620,Partner,Approved,1.5
A00809,2025-07-28,27,512.51,3676.15,643,Mobile App,Approved,22.9
A00810,2025-05-29,25,1260.25,3874.2,820,Web,Rejected,21.2
A00811,2025-02-07,54,1537.07,1341.05,616,Partner,Rejected,12.5
A00812,2025-09-20,58,717.28,1126.23,618,Partner,Rejected,12.7
A00813,2025-12-15,44,3181.13,3857.03,621,Mobile App,Approved,6.5
A00814,2025-10-31,37,2146.49,889.8,708,Web,Approved,19.4
A00815,2025-11-26,36,1647.93,3833.95,668,Mobile App,Approved,20.4
A00816,2025-12-25,24,2316.39,1992.39,812,Mobile App,Approved,18.8
A00817,2025-08-16,51,1421.1,3090.97,655,Mobile App,Rejected,20.1
A00818,2025-08-27,41,2824.93,1085.04,573,Mobile App,Rejected,19.3
A00819,2025-10-05,47,1613.3,708.93,629,Web,Rejected,8.3
A00820,2025-12-29,44,1547.28,2078.5,687,Mobile App,Approved,29.7
A00821,2025-11-24,34,3118.58,629.77,631,Web,Approved,24.7
A00822,2025-11-12,47,2386.06,1984.37,704,Web,Approved,8.3
A00823,2025-10-23,55,1470.4,2876.86,739,Mobile App,Approved,12.2
A00824,2025-09-04,22,2480.82,3167.94,584,Mobile App,Rejected,8.5
A00825,2025-11-19,39,2981.95,2639.93,632,Partner,Rejected,18.1
A00826,2025-10-31,33,1513.03,3431.07,632,Mobile App,Rejected,24.5
A00827,2025-02-03,50,3026.41,3525.49,694,Mobile App,Rejected,9.0
A00828,2025-01-08,55,1648.61,2330.5,625,Mobile App,Approved,19.6
A00829,2025-03-30,26,2542.04,214.96,548,Web,Approved,2.8
A00830,2025-12-31,36,410.85,634.07,622,Mobile App,Rejected,18.4
A00831,2025-03-18,51,1406.37,2184.83,691,Web,Approved,18.2
A00832,2025-09-03,37,1399.0,3723.44,666,Web,Approved,2.8
A00833,2025-02-16,25,2315.77,2847.18,658,Partner,Approved,5.6
A00834,2025-06-18,42,1930.54,736.05,734,Partner,Approved,17.9
A00835,2025-01-27,30,2992.65,1806.71,674,Mobile App,Approved,20.8
A00836,2025-04-28,40,2861.03,3247.58,700,Partner,Approved,19.6
A00837,2025-03-19,33,2850.79,1918.22,702,Mobile App,Approved,13.9
A00838,2025-11-15,26,2948.29,1993.19,593,Mobile App,Rejected,16.4
A00839,2025-04-09,58,1029.73,3391.79,774,Web,Approved,25.1
A00840,2025-09-14,48,1993.82,1461.02,666,Mobile App,Approved,22.3
A00841,2025-01-13,35,1965.3,1003.56,651,Web,Rejected,16.7
A00842,2025-11-11,33,3190.75,977.62,640,Partner,Approved,19.0
A00843,2025-05-14,29,845.64,1059.98,810,Partner,Rejected,19.4
A00844,2025-12-15,40,1599.03,2187.06,777,Partner,Approved,12.6
A00845,2025-06-11,26,1274.4,1435.12,635,Mobile App,Approved,17.7
A00846,2025-11-19,36,1804.53,951.29,716,Partner,Approved,16.5
A00847,2025-09-24,44,2510.18,2010.53,745,Mobile App,Approved,14.1
A00848,2025-02-24,25,2314.78,1861.75,768,Partner,Approved,24.8
A00849,2025-09-20,35,1766.32,3438.71,607,Web,Rejected,18.1
A00850,2025-12-28,44,2035.19,3163.07,665,Web,Rejected,21.1
A00851,2025-11-13,24,680.59,1931.76,645,Web,Rejected,16.2
A00852,2025-03-10,23,3053.35,3784.95,715,Mobile App,Approved,1.0
A00853,2025-08-27,23,1294.93,460.45,557,Web,Rejected,14.9
A00854,2025-08-12,54,619.96,1696.67,671,Partner,Approved,25.1
A00855,2025-01-27,23,1257.29,3118.12,694,Mobile App,Approved,9.1
A00856,2025-12-25,25,1345.42,3310.43,701,Web,Rejected,8.7
A00857,2025-03-28,36,897.1,3106.86,665,Web,Rejected,10.4
A00858,2025-07-05,28,3157.01,1940.71,702,Mobile App,Approved,8.0
A00859,2025-05-13,45,1839.22,3834.31,607,Web,Rejected,1.0
A00860,2025-08-27,46,2605.52,2989.17,819,Mobile App,Approved,11.0
A00861,2025-09-09,27,3082.38,2149.57,623,Mobile App,Rejected,5.9
A00862,2025-05-11,53,1828.03,3964.16,638,Partner,Approved,14.9
A00863,2025-06-14,41,894.35,3030.03,719,Mobile App,Rejected,15.2
A00864,2025-12-04,47,527.6,200.45,701,Web,Approved,13.9
A00865,2025-01-06,37,2260.56,3617.72,675,Web,Rejected,22.5
A00866,2025-04-27,41,2929.57,1210.71,678,Web,Approved,20.1
A00867,2025-11-13,43,1592.4,1279.04,548,Mobile App,Rejected,17.6
A00868,2025-12-13,47,2732.31,3124.99,696,Mobile App,Approved,27.0
A00869,2025-11-26,24,3470.52,2966.64,501,Web,Rejected,14.2
A00870,2025-05-10,53,2416.19,1646.55,671,Mobile App,Rejected,14.5
A00871,2025-05-03,55,2596.75,2749.32,638,Mobile App,Approved,19.4
A00872,2025-06-13,29,3050.1,3827.72,724,Partner,Rejected,14.2
A00873,2025-12-01,24,2849.82,3402.03,659,Web,Rejected,12.4
A00874,2025-08-29,50,2814.04,3505.42,653,Web,Approved,18.2
A00875,2025-07-04,36,551.66,649.72,632,Mobile App,Rejected,1.0
A00876,2025-04-27,44,572.56,457.11,766,Mobile App,Rejected,1.6
A00877,2025-08-25,46,1330.09,2011.26,670,Partner,Approved,8.7
A00878,2025-11-20,57,1831.99,3618.73,659,Web,Rejected,7.1
A00879,2025-06-30,57,3230.79,2479.56,675,Partner,Rejected,7.9
A00880,2025-02-05,51,1755.33,244.86,593,Mobile App,Rejected,16.0
A00881,2025-04-17,34,1491.44,1580.46,764,Partner,Rejected,16.2
A00882,2025-03-05,57,459.89,2445.31,684,Partner,Rejected,6.4
A00883,2025-03-09,48,3495.99,898.48,672,Partner,Approved,20.9
A00884,2025-07-02,27,1050.33,3030.3,635,Mobile App,Rejected,20.0
A00885,2025-07-07,48,846.88,2620.39,674,Web,Approved,20.2
A00886,2025-04-14,41,1300.56,1450.34,645,Mobile App,Rejected,10.3
A00887,2025-09-09,55,2719.37,241.18,691,Partner,Rejected,16.4
A00888,2025-07-13,56,3185.07,823.45,699,Partner,Approved,10.6
A00889,2025-10-10,28,3085.68,1574.51,629,Mobile App,Rejected,13.5
A00890,2025-09-16,22,3189.28,3434.42,556,Partner,Rejected,21.0
A00891,2025-04-21,53,1806.57,786.87,697,Mobile App,Approved,18.0
A00892,2025-11-20,49,2880.73,1810.63,630,Web,Rejected,19.4
A00893,2025-11-06,38,1086.41,1022.45,659,Mobile App,Rejected,27.0
A00894,2025-02-17,21,2878.46,3632.29,702,Mobile App,Approved,7.2
A00895,2025-10-03,37,1081.07,3323.28,724,Mobile App,Approved,14.0
A00896,2025-04-14,58,2622.83,617.26,642,Partner,Approved,16.0
A00897,2025-12-30,34,1208.5,3385.74,668,Mobile App,Rejected,15.4
A00898,2025-09-08,21,1744.27,528.09,726,Partner,Approved,20.8
A00899,2025-12-13,47,797.64,1947.89,629,Partner,Rejected,4.2
A00900,2025-06-22,47,2764.74,1131.45,623,Mobile App,Approved,20.1
A00901,2025-07-29,43,2297.36,1352.11,732,Mobile App,Approved,30.2
A00902,2025-08-17,26,799.03,2440.98,588,Web,Approved,18.2
A00903,2025-04-05,47,1861.09,1871.34,661,Web,Rejected,10.8
A00904,2025-08-31,38,1835.0,952.23,685,Mobile App,Rejected,11.9
A00905,2025-09-14,31,1083.68,1536.76,658,Mobile App,Approved,13.1
A00906,2025-07-26,27,1465.39,1815.63,701,Partner,Approved,25.0
A00907,2025-07-20,30,1815.67,3371.51,782,Mobile App,Approved,13.9
A00908,2025-09-02,43,1953.05,2906.57,607,Web,Rejected,11.7
A00909,2025-11-14,40,842.88,2679.1,621,Mobile App,Rejected,20.8
A00910,2025-12-18,30,2323.59,2775.84,622,Web,Approved,18.1
A00911,2025-10-30,57,2483.33,1492.22,588,Partner,Rejected,11.1
A00912,2025-10-10,46,2400.32,1285.49,688,Mobile App,Approved,28.3
A00913,2025-11-12,41,2890.64,1875.09,631,Partner,Approved,20.2
A00914,2025-01-11,43,2079.32,3208.62,541,Web,Rejected,5.1
A00915,2025-03-01,42,1151.83,2516.92,623,Web,Approved,14.1
A00916,2025-01-09,44,2870.05,455.34,704,Partner,Approved,22.0
A00917,2025-10-03,21,1218.83,1463.0,571,Mobile App,Rejected,17.3
A00918,2025-12-20,45,418.54,933.96,603,Mobile App,Approved,30.4
A00919,2025-03-17,40,1068.16,418.84,696,Partner,Approved,18.6
A00920,2025-02-24,30,2085.32,3703.41,664,Mobile App,Approved,17.3
A00921,2025-08-11,33,475.58,2088.09,676,Web,Rejected,8.7
A00922,2025-02-17,32,2230.52,3911.81,724,Mobile App,Approved,19.4
A00923,2025-03-24,28,472.89,1445.69,724,Mobile App,Rejected,13.1
A00924,2025-02-27,50,860.39,887.51,720,Partner,Rejected,8.3
A00925,2025-04-12,44,730.8,3456.6,820,Web,Rejected,8.6
A00926,2025-05-10,49,1082.83,3903.52,646,Partner,Rejected,20.3
A00927,2025-03-31,31,916.68,778.52,755,Partner,Rejected,8.0
A00928,2025-12-02,24,1753.42,2564.38,567,Web,Rejected,3.8
A00929,2025-10-08,57,393.48,1868.17,611,Partner,Approved,12.1
A00930,2025-06-22,46,1960.77,760.37,665,Partner,Approved,24.8
A00931,2025-09-22,30,1914.79,2815.75,745,Partner,Approved,13.3
A00932,2025-01-03,53,2876.49,3186.68,710,Mobile App,Approved,23.7
A00933,2025-07-05,47,2572.54,918.4,767,Partner,Approved,16.4
A00934,2025-07-29,42,3373.83,3830.91,627,Partner,Rejected,18.8
A00935,2025-03-24,41,3169.37,925.28,774,Mobile App,Rejected,9.9
A00936,2025-12-07,21,3470.97,2814.44,802,Partner,Approved,29.6
A00937,2025-05-15,42,849.13,3459.15,658,Web,Rejected,2.6
A00938,2025-02-12,52,3280.16,3076.4,636,Mobile App,Approved,15.1
A00939,2025-10-21,47,3207.72,2428.79,710,Mobile App,Approved,5.8
A00940,2025-02-14,58,2797.81,591.03,820,Mobile App,Approved,33.9
A00941,2025-11-07,48,1741.66,2960.23,628,Partner,Approved,4.5
A00942,2025-08-18,44,657.37,2076.65,664,Mobile App,Rejected,16.5
A00943,2025-02-03,37,1225.39,1607.95,763,Partner,Rejected,18.5
A00944,2025-09-27,48,2771.96,2832.09,662,Web,Rejected,1.0
A00945,2025-08-22,41,1613.96,3810.0,708,Mobile App,Approved,23.4
A00946,2025-01-24,30,2905.62,1321.63,655,Partner,Rejected,15.4
A00947,2025-03-09,43,2356.11,1630.75,688,Partner,Approved,15.8
A00948,2025-01-18,49,1855.42,530.18,600,Mobile App,Rejected,15.9
A00949,2025-04-21,50,2242.31,3529.08,583,Web,Approved,27.3
A00950,2025-06-25,32,3363.85,2651.8,616,Partner,Rejected,16.9
A00951,2025-04-06,53,1169.87,824.13,627,Mobile App,Rejected,16.1
A00952,2025-08-31,35,1138.08,3667.92,661,Partner,Approved,21.2
A00953,2025-06-04,25,2337.07,2225.24,623,Web,Rejected,2.1
A00954,2025-04-19,27,1661.43,1984.67,656,Mobile App,Approved,15.0
A00955,2025-07-16,35,2405.63,2027.31,577,Mobile App,Rejected,8.7
A00956,2025-05-13,31,1990.08,655.0,566,Mobile App,Rejected,14.3
A00957,2025-03-12,51,1829.14,3746.25,650,Mobile App,Approved,17.6
A00958,2025-10-11,52,2749.92,2439.64,820,Mobile App,Approved,18.6
A00959,2025-07-08,45,3373.3,3930.29,699,Partner,Approved,21.9
A00960,2025-05-25,42,1562.87,2280.43,666,Mobile App,Approved,13.3
A00961,2025-06-12,34,1793.65,3835.72,732,Web,Approved,24.7
A00962,2025-10-16,44,1864.25,3732.32,485,Partner,Approved,16.3
A00963,2025-12-09,32,1485.09,2498.29,653,Partner,Approved,13.5
A00964,2025-05-06,58,552.79,237.4,755,Mobile App,Rejected,9.7
A00965,2025-09-21,53,2437.13,3062.18,731,Mobile App,Approved,13.7
A00966,2025-12-17,39,3269.01,3970.05,648,Partner,Rejected,18.6
A00967,2025-12-08,21,1189.68,3904.69,626,Web,Approved,16.3
A00968,2025-06-10,57,2533.37,2157.66,603,Partner,Rejected,7.3
A00969,2025-10-29,55,2946.68,249.66,721,Mobile App,Approved,21.5
A00970,2025-04-25,27,1013.3,662.18,600,Partner,Rejected,5.2
A00971,2025-09-21,41,2475.69,1659.78,820,Mobile App,Rejected,8.9
A00972,2025-02-04,48,698.08,3035.75,618,Mobile App,Approved,21.0
A00973,2025-08-08,44,3093.07,283.89,624,Mobile App,Approved,14.9
A00974,2025-08-07,55,2408.33,812.27,732,Partner,Approved,24.4
A00975,2025-03-10,43,3245.21,1606.25,662,Mobile App,Approved,26.8
A00976,2025-03-22,30,820.5,2436.43,665,Mobile App,Rejected,11.8
A00977,2025-06-08,53,2136.39,565.06,674,Web,Approved,15.3
A00978,2025-10-06,21,2641.47,1097.48,709,Mobile App,Approved,19.4
A00979,2025-05-04,43,1110.65,551.82,624,Web,Approved,18.7
A00980,2025-08-08,42,1850.56,357.97,639,Mobile App,Rejected,9.4
A00981,2025-08-20,53,1102.34,342.93,665,Mobile App,Rejected,20.6
A00982,2025-02-05,37,608.82,1460.22,692,Partner,Approved,26.3
A00983,2025-02-10,48,2726.68,481.92,776,Web,Approved,17.2
A00984,2025-05-06,30,892.03,1841.42,635,Mobile App,Rejected,7.9
A00985,2025-12-28,53,1700.85,830.66,692,Mobile App,Approved,23.5
A00986,2025-11-28,31,2929.04,3202.69,777,Mobile App,Approved,8.3
A00987,2025-06-21,24,672.75,3021.49,734,Partner,Rejected,20.9
A00988,2025-07-27,31,1071.11,996.0,820,Web,Approved,18.8
A00989,2025-02-16,36,3193.19,213.56,672,Web,Approved,6.8
A00990,2025-02-21,33,1635.05,2237.44,624,Web,Approved,9.7
A00991,2025-06-21,36,1188.58,2748.53,609,Web,Approved,11.2
A00992,2025-08-02,48,567.68,522.36,575,Mobile App,Approved,16.8
A00993,2025-05-15,27,1554.67,2785.7,700,Mobile App,Approved,22.8
A00994,2025-12-09,52,2122.57,1901.94,669,Partner,Approved,24.9
A00995,2025-08-31,29,795.09,2037.97,744,Partner,Approved,6.9
A00996,2025-01-13,32,2171.15,3909.94,657,Partner,Approved,8.8
A00997,2025-02-08,28,2875.55,1112.09,611,Partner,Approved,18.8
A00998,2025-05-18,43,887.22,3353.55,667,Web,Rejected,23.8
A00999,2025-03-24,49,1729.51,213.68,808,Partner,Approved,20.5
A01000,2025-08-09,36,2355.71,790.43,663,Partner,Rejected,12.5
