order_id,order_date,region,category,product,units,unit_price,discount,revenue,month
O0001,2025-11-24,Jakarta,Electronics,Wireless Earbuds,3,50.12,0.0,150.36,2025-11
O0002,2025-12-13,Jakarta,Sports,Yoga Mat,5,80.57,0.0,402.85,2025-12
O0003,2025-04-22,Central Java,Home,Desk Lamp,5,42.2,0.15,179.35,2025-04
O0004,2025-04-23,Central Java,Fashion,Backpack,1,138.51,0.0,138.51,2025-04
O0005,2025-06-24,Jakarta,Beauty,Moisturizer,2,172.64,0.05,328.02,2025-06
O0006,2025-02-17,Banten,Fashion,T-Shirt,3,153.77,0.15,392.11,2025-02
O0007,2025-01-23,East Java,Fashion,T-Shirt,4,21.55,0.05,81.89,2025-01
O0008,2025-07-05,Banten,Sports,Resistance Band,1,15.88,0.0,15.88,2025-07
O0009,2025-02-10,West Java,Home,Desk Lamp,4,55.81,0.05,212.08,2025-02
O0010,2025-07-09,East Java,Beauty,Moisturizer,3,128.71,0.0,386.13,2025-07
O0011,2025-11-22,East Java,Home,Storage Box,2,87.51,0.05,166.27,2025-11
O0012,2025-04-23,Central Java,Beauty,Face Wash,2,149.35,0.05,283.76,2025-04
O0013,2025-05-18,West Java,Electronics,Power Bank,5,158.74,0.05,754.01,2025-05
O0014,2025-12-02,West Java,Fashion,Cap,4,32.57,0.0,130.28,2025-12
O0015,2025-10-15,Central Java,Sports,Dumbbell,5,81.69,0.15,347.18,2025-10
O0016,2025-07-05,Jakarta,Home,Storage Box,5,92.88,0.0,464.4,2025-07
O0017,2025-03-20,East Java,Home,Pillow,5,18.93,0.1,85.19,2025-03
O0018,2025-08-28,Jakarta,Sports,Dumbbell,5,156.05,0.0,780.25,2025-08
O0019,2025-12-16,West Java,Sports,Dumbbell,3,27.19,0.1,73.41,2025-12
O0020,2025-08-21,Jakarta,Electronics,Keyboard,5,139.06,0.15,591.0,2025-08
O0021,2025-11-17,East Java,Beauty,Moisturizer,2,72.31,0.0,144.62,2025-11
O0022,2025-09-29,Banten,Electronics,Keyboard,4,11.35,0.05,43.13,2025-09
O0023,2025-05-03,Central Java,Electronics,Power Bank,5,170.88,0.0,854.4,2025-05
O0024,2025-02-05,West Java,Sports,Resistance Band,2,121.48,0.15,206.52,2025-02
O0025,2025-05-16,Banten,Sports,Running Bottle,2,167.77,0.0,335.54,2025-05
O0026,2025-07-24,West Java,Beauty,Lip Balm,5,85.66,0.0,428.3,2025-07
O0027,2025-02-02,West Java,Beauty,Face Wash,5,103.27,0.15,438.9,2025-02
O0028,2025-01-04,Banten,Electronics,Wireless Earbuds,2,19.59,0.0,39.18,2025-01
O0029,2025-02-06,East Java,Sports,Resistance Band,3,123.06,0.0,369.18,2025-02
O0030,2025-03-09,West Java,Sports,Running Bottle,2,142.95,0.1,257.31,2025-03
O0031,2025-02-18,Jakarta,Electronics,Smart Watch,3,80.86,0.1,218.32,2025-02
O0032,2025-12-11,West Java,Electronics,Wireless Earbuds,4,133.25,0.0,533.0,2025-12
O0033,2025-04-09,Central Java,Home,Pillow,2,80.56,0.05,153.06,2025-04
O0034,2025-05-08,Jakarta,Electronics,Smart Watch,5,24.84,0.15,105.57,2025-05
O0035,2025-02-17,Central Java,Home,Storage Box,4,91.53,0.0,366.12,2025-02
O0036,2025-01-31,Central Java,Home,Pillow,1,177.47,0.05,168.6,2025-01
O0037,2025-05-27,Jakarta,Fashion,Cap,2,40.66,0.0,81.32,2025-05
O0038,2025-10-24,Central Java,Sports,Yoga Mat,3,17.83,0.15,45.47,2025-10
O0039,2025-09-15,West Java,Sports,Resistance Band,1,173.25,0.0,173.25,2025-09
O0040,2025-02-05,West Java,Sports,Yoga Mat,2,77.45,0.15,131.66,2025-02
O0041,2025-10-24,East Java,Sports,Yoga Mat,5,22.1,0.15,93.92,2025-10
O0042,2025-09-25,West Java,Beauty,Sunscreen,2,123.19,0.05,234.06,2025-09
O0043,2025-05-16,Jakarta,Fashion,Sneakers,3,86.64,0.0,259.92,2025-05
O0044,2025-08-23,Banten,Sports,Yoga Mat,1,100.47,0.15,85.4,2025-08
O0045,2025-03-09,Central Java,Beauty,Face Wash,2,71.56,0.0,143.12,2025-03
O0046,2025-10-06,West Java,Beauty,Face Wash,5,59.49,0.0,297.45,2025-10
O0047,2025-05-16,East Java,Electronics,Wireless Earbuds,5,34.74,0.05,165.02,2025-05
O0048,2025-04-18,Jakarta,Beauty,Moisturizer,3,94.93,0.05,270.55,2025-04
O0049,2025-02-17,Banten,Fashion,Backpack,1,8.61,0.0,8.61,2025-02
O0050,2025-03-24,West Java,Fashion,Cap,5,9.66,0.0,48.3,2025-03
O0051,2025-10-07,West Java,Electronics,Keyboard,5,103.03,0.1,463.63,2025-10
O0052,2025-01-22,West Java,Beauty,Sunscreen,1,162.62,0.0,162.62,2025-01
O0053,2025-12-08,East Java,Electronics,Keyboard,5,160.07,0.1,720.31,2025-12
O0054,2025-03-21,West Java,Home,Storage Box,2,159.6,0.0,319.2,2025-03
O0055,2025-06-20,Central Java,Fashion,Sneakers,3,35.38,0.0,106.14,2025-06
O0056,2025-01-20,Banten,Fashion,Sneakers,2,148.45,0.1,267.21,2025-01
O0057,2025-06-06,Banten,Home,Storage Box,1,121.53,0.1,109.38,2025-06
O0058,2025-05-23,East Java,Electronics,Keyboard,3,118.33,0.1,319.49,2025-05
O0059,2025-06-19,Jakarta,Electronics,Wireless Earbuds,3,38.71,0.05,110.32,2025-06
O0060,2025-02-25,Central Java,Sports,Running Bottle,3,133.31,0.05,379.93,2025-02
O0061,2025-11-07,Banten,Sports,Yoga Mat,4,162.71,0.0,650.84,2025-11
O0062,2025-01-23,West Java,Fashion,T-Shirt,5,167.2,0.15,710.6,2025-01
O0063,2025-07-06,Banten,Fashion,T-Shirt,3,115.18,0.0,345.54,2025-07
O0064,2025-09-17,East Java,Beauty,Lip Balm,3,77.21,0.05,220.05,2025-09
O0065,2025-03-07,East Java,Home,Pillow,4,124.5,0.0,498.0,2025-03
O0066,2025-10-19,Banten,Beauty,Lip Balm,5,151.4,0.05,719.15,2025-10
O0067,2025-04-18,East Java,Fashion,Backpack,4,83.99,0.0,335.96,2025-04
O0068,2025-08-31,Banten,Home,Desk Lamp,3,96.66,0.15,246.48,2025-08
O0069,2025-02-17,Jakarta,Home,Water Bottle,2,146.73,0.0,293.46,2025-02
O0070,2025-01-24,Central Java,Home,Pillow,5,154.15,0.0,770.75,2025-01
O0071,2025-08-01,West Java,Sports,Resistance Band,4,93.03,0.0,372.12,2025-08
O0072,2025-12-02,Central Java,Electronics,Wireless Earbuds,4,45.64,0.15,155.18,2025-12
O0073,2025-01-26,East Java,Sports,Resistance Band,1,86.51,0.1,77.86,2025-01
O0074,2025-10-14,Central Java,Sports,Dumbbell,4,113.38,0.15,385.49,2025-10
O0075,2025-10-08,Banten,Fashion,Sneakers,4,85.41,0.0,341.64,2025-10
O0076,2025-09-24,West Java,Fashion,Sneakers,3,83.66,0.05,238.43,2025-09
O0077,2025-05-20,West Java,Beauty,Sunscreen,5,21.86,0.0,109.3,2025-05
O0078,2025-07-16,East Java,Home,Storage Box,1,79.36,0.05,75.39,2025-07
O0079,2025-08-27,East Java,Fashion,T-Shirt,2,151.26,0.1,272.27,2025-08
O0080,2025-12-23,Banten,Electronics,Smart Watch,4,9.01,0.05,34.24,2025-12
O0081,2025-07-19,Central Java,Fashion,Sneakers,4,45.74,0.1,164.66,2025-07
O0082,2025-01-15,West Java,Fashion,Backpack,4,132.56,0.1,477.22,2025-01
O0083,2025-11-15,Jakarta,Sports,Yoga Mat,4,109.81,0.0,439.24,2025-11
O0084,2025-11-26,Central Java,Fashion,Sneakers,4,39.26,0.05,149.19,2025-11
O0085,2025-06-17,Banten,Home,Pillow,3,66.05,0.1,178.33,2025-06
O0086,2025-08-04,Jakarta,Beauty,Face Wash,4,11.33,0.15,38.52,2025-08
O0087,2025-06-29,West Java,Home,Desk Lamp,1,137.73,0.0,137.73,2025-06
O0088,2025-01-11,East Java,Sports,Resistance Band,2,29.71,0.0,59.42,2025-01
O0089,2025-04-22,Jakarta,Fashion,Backpack,3,36.86,0.15,93.99,2025-04
O0090,2025-03-25,East Java,Beauty,Face Wash,5,12.42,0.05,58.99,2025-03
O0091,2025-12-13,Jakarta,Fashion,Cap,2,21.07,0.0,42.14,2025-12
O0092,2025-12-23,East Java,Beauty,Face Wash,5,142.61,0.05,677.4,2025-12
O0093,2025-08-08,Central Java,Beauty,Face Wash,5,119.38,0.0,596.9,2025-08
O0094,2025-09-08,West Java,Electronics,Smart Watch,3,117.32,0.1,316.76,2025-09
O0095,2025-08-11,Central Java,Home,Water Bottle,5,147.01,0.15,624.79,2025-08
O0096,2025-08-27,Banten,Fashion,Backpack,3,154.49,0.0,463.47,2025-08
O0097,2025-08-19,Banten,Home,Pillow,5,112.98,0.1,508.41,2025-08
O0098,2025-01-15,Banten,Fashion,Backpack,2,91.86,0.05,174.53,2025-01
O0099,2025-06-24,Jakarta,Beauty,Sunscreen,5,9.75,0.0,48.75,2025-06
O0100,2025-05-04,Central Java,Fashion,Cap,5,138.4,0.1,622.8,2025-05
O0101,2025-08-18,Banten,Electronics,Wireless Earbuds,3,46.11,0.0,138.33,2025-08
O0102,2025-12-06,Central Java,Sports,Dumbbell,4,103.2,0.05,392.16,2025-12
O0103,2025-10-09,West Java,Beauty,Sunscreen,4,54.6,0.05,207.48,2025-10
O0104,2025-03-03,West Java,Home,Water Bottle,1,135.78,0.0,135.78,2025-03
O0105,2025-04-21,East Java,Fashion,Backpack,5,175.98,0.15,747.91,2025-04
O0106,2025-05-25,Banten,Electronics,Power Bank,3,47.13,0.0,141.39,2025-05
O0107,2025-01-08,East Java,Sports,Resistance Band,3,15.83,0.0,47.49,2025-01
O0108,2025-05-30,Banten,Home,Pillow,1,158.11,0.15,134.39,2025-05
O0109,2025-08-29,Banten,Fashion,Cap,3,39.71,0.0,119.13,2025-08
O0110,2025-09-02,Jakarta,Electronics,Wireless Earbuds,4,92.58,0.15,314.77,2025-09
O0111,2025-03-19,East Java,Home,Water Bottle,1,178.95,0.0,178.95,2025-03
O0112,2025-08-02,Banten,Sports,Resistance Band,5,73.43,0.1,330.44,2025-08
O0113,2025-10-29,Jakarta,Fashion,Backpack,5,114.82,0.15,487.98,2025-10
O0114,2025-04-17,East Java,Home,Water Bottle,1,35.01,0.0,35.01,2025-04
O0115,2025-02-08,Central Java,Home,Desk Lamp,4,85.49,0.15,290.67,2025-02
O0116,2025-05-30,Jakarta,Electronics,Power Bank,3,129.6,0.1,349.92,2025-05
O0117,2025-12-18,Central Java,Home,Water Bottle,5,121.72,0.0,608.6,2025-12
O0118,2025-02-28,Jakarta,Sports,Resistance Band,2,164.25,0.0,328.5,2025-02
O0119,2025-01-31,Banten,Home,Water Bottle,5,136.82,0.15,581.48,2025-01
O0120,2025-08-13,East Java,Electronics,Smart Watch,3,128.35,0.05,365.8,2025-08
O0121,2025-10-04,Banten,Fashion,Cap,1,110.86,0.1,99.77,2025-10
O0122,2025-11-06,East Java,Beauty,Face Wash,1,47.37,0.15,40.26,2025-11
O0123,2025-01-11,Banten,Beauty,Face Wash,2,88.93,0.1,160.07,2025-01
O0124,2025-04-03,Banten,Sports,Running Bottle,4,174.68,0.1,628.85,2025-04
O0125,2025-07-29,Central Java,Beauty,Sunscreen,1,155.53,0.05,147.75,2025-07
O0126,2025-12-22,Jakarta,Fashion,Backpack,4,147.93,0.15,502.96,2025-12
O0127,2025-08-21,East Java,Electronics,Keyboard,3,63.6,0.1,171.72,2025-08
O0128,2025-01-01,Banten,Sports,Running Bottle,4,17.32,0.15,58.89,2025-01
O0129,2025-11-15,West Java,Fashion,Cap,1,43.01,0.15,36.56,2025-11
O0130,2025-05-28,West Java,Fashion,Cap,1,12.97,0.15,11.02,2025-05
O0131,2025-12-30,Jakarta,Home,Water Bottle,5,10.35,0.1,46.58,2025-12
O0132,2025-04-26,Central Java,Electronics,Smart Watch,1,119.41,0.0,119.41,2025-04
O0133,2025-05-30,West Java,Sports,Dumbbell,4,151.57,0.1,545.65,2025-05
O0134,2025-08-22,East Java,Sports,Resistance Band,4,40.78,0.15,138.65,2025-08
O0135,2025-03-11,Banten,Electronics,Keyboard,4,66.46,0.15,225.96,2025-03
O0136,2025-01-02,West Java,Beauty,Sunscreen,5,107.75,0.1,484.88,2025-01
O0137,2025-08-17,Central Java,Sports,Running Bottle,3,65.18,0.15,166.21,2025-08
O0138,2025-08-22,Central Java,Beauty,Moisturizer,2,106.35,0.0,212.7,2025-08
O0139,2025-01-23,Central Java,Beauty,Lip Balm,4,74.41,0.0,297.64,2025-01
O0140,2025-01-19,Jakarta,Home,Water Bottle,1,158.36,0.1,142.52,2025-01
O0141,2025-09-27,Jakarta,Fashion,T-Shirt,2,78.52,0.0,157.04,2025-09
O0142,2025-08-29,Banten,Beauty,Sunscreen,5,127.15,0.0,635.75,2025-08
O0143,2025-12-12,East Java,Sports,Running Bottle,3,115.81,0.1,312.69,2025-12
O0144,2025-01-19,West Java,Sports,Yoga Mat,2,116.56,0.05,221.46,2025-01
O0145,2025-02-16,Jakarta,Fashion,T-Shirt,1,84.31,0.05,80.09,2025-02
O0146,2025-01-24,West Java,Beauty,Face Wash,3,69.66,0.1,188.08,2025-01
O0147,2025-05-06,West Java,Sports,Running Bottle,5,125.27,0.0,626.35,2025-05
O0148,2025-03-31,East Java,Electronics,Smart Watch,5,125.5,0.1,564.75,2025-03
O0149,2025-03-15,Central Java,Home,Pillow,3,87.05,0.0,261.15,2025-03
O0150,2025-05-28,East Java,Sports,Resistance Band,1,83.98,0.05,79.78,2025-05
O0151,2025-06-03,Central Java,Fashion,Backpack,4,153.39,0.0,613.56,2025-06
O0152,2025-09-05,Banten,Electronics,Power Bank,4,106.37,0.15,361.66,2025-09
O0153,2025-12-25,Jakarta,Beauty,Face Wash,4,55.21,0.15,187.71,2025-12
O0154,2025-11-07,West Java,Fashion,Backpack,2,112.42,0.05,213.6,2025-11
O0155,2025-11-22,Banten,Home,Water Bottle,2,116.06,0.0,232.12,2025-11
O0156,2025-08-14,Banten,Electronics,Keyboard,2,23.5,0.05,44.65,2025-08
O0157,2025-08-01,East Java,Home,Storage Box,2,143.28,0.05,272.23,2025-08
O0158,2025-09-14,Banten,Beauty,Moisturizer,3,165.22,0.1,446.09,2025-09
O0159,2025-06-23,Central Java,Electronics,Smart Watch,1,32.21,0.0,32.21,2025-06
O0160,2025-10-13,Jakarta,Beauty,Face Wash,4,10.39,0.15,35.33,2025-10
O0161,2025-08-21,Jakarta,Beauty,Sunscreen,5,73.54,0.05,349.32,2025-08
O0162,2025-12-12,Banten,Home,Pillow,1,114.56,0.15,97.38,2025-12
O0163,2025-11-09,Central Java,Home,Desk Lamp,4,164.41,0.05,624.76,2025-11
O0164,2025-03-01,Jakarta,Home,Desk Lamp,1,60.35,0.1,54.32,2025-03
O0165,2025-02-19,Central Java,Home,Storage Box,4,86.03,0.15,292.5,2025-02
O0166,2025-10-28,Central Java,Home,Pillow,1,151.4,0.15,128.69,2025-10
O0167,2025-05-24,Banten,Electronics,Keyboard,2,84.26,0.0,168.52,2025-05
O0168,2025-02-20,Jakarta,Beauty,Sunscreen,1,76.48,0.0,76.48,2025-02
O0169,2025-08-21,Banten,Electronics,Power Bank,5,175.03,0.0,875.15,2025-08
O0170,2025-05-05,West Java,Home,Storage Box,1,150.73,0.15,128.12,2025-05
O0171,2025-10-28,Jakarta,Home,Storage Box,3,141.19,0.15,360.03,2025-10
O0172,2025-05-22,Jakarta,Home,Storage Box,5,51.11,0.0,255.55,2025-05
O0173,2025-12-05,East Java,Electronics,Power Bank,1,69.62,0.0,69.62,2025-12
O0174,2025-06-15,East Java,Electronics,Power Bank,3,17.01,0.1,45.93,2025-06
O0175,2025-02-28,East Java,Electronics,Smart Watch,4,141.82,0.15,482.19,2025-02
O0176,2025-02-25,Banten,Fashion,Sneakers,5,15.46,0.15,65.71,2025-02
O0177,2025-08-23,Jakarta,Electronics,Wireless Earbuds,4,153.74,0.1,553.46,2025-08
O0178,2025-09-09,Jakarta,Fashion,T-Shirt,1,63.4,0.0,63.4,2025-09
O0179,2025-03-06,Banten,Beauty,Sunscreen,4,179.08,0.15,608.87,2025-03
O0180,2025-08-21,East Java,Sports,Running Bottle,1,144.41,0.0,144.41,2025-08
O0181,2025-04-21,Central Java,Fashion,Cap,2,79.18,0.1,142.52,2025-04
O0182,2025-08-01,Banten,Electronics,Keyboard,4,61.75,0.05,234.65,2025-08
O0183,2025-03-20,Central Java,Fashion,T-Shirt,1,151.06,0.0,151.06,2025-03
O0184,2025-02-19,East Java,Beauty,Moisturizer,5,18.32,0.15,77.86,2025-02
O0185,2025-06-18,Jakarta,Electronics,Smart Watch,3,158.26,0.1,427.3,2025-06
O0186,2025-05-28,West Java,Sports,Dumbbell,3,25.82,0.15,65.84,2025-05
O0187,2025-03-21,Banten,Fashion,Sneakers,1,68.22,0.15,57.99,2025-03
O0188,2025-02-28,East Java,Beauty,Moisturizer,4,153.37,0.15,521.46,2025-02
O0189,2025-12-12,Jakarta,Sports,Yoga Mat,5,167.8,0.05,797.05,2025-12
O0190,2025-04-03,West Java,Beauty,Sunscreen,3,68.38,0.0,205.14,2025-04
O0191,2025-10-17,Jakarta,Fashion,T-Shirt,2,135.45,0.0,270.9,2025-10
O0192,2025-09-29,Banten,Home,Pillow,4,86.03,0.0,344.12,2025-09
O0193,2025-06-09,Jakarta,Beauty,Face Wash,1,34.76,0.15,29.55,2025-06
O0194,2025-12-12,East Java,Electronics,Keyboard,4,121.85,0.1,438.66,2025-12
O0195,2025-08-15,Banten,Fashion,Backpack,2,137.85,0.0,275.7,2025-08
O0196,2025-08-09,Jakarta,Electronics,Keyboard,5,91.7,0.05,435.57,2025-08
O0197,2025-04-23,West Java,Fashion,T-Shirt,1,43.16,0.0,43.16,2025-04
O0198,2025-05-11,West Java,Beauty,Sunscreen,1,9.33,0.1,8.4,2025-05
O0199,2025-03-08,Jakarta,Fashion,Sneakers,5,104.1,0.05,494.47,2025-03
O0200,2025-07-23,Banten,Electronics,Smart Watch,1,87.08,0.0,87.08,2025-07
O0201,2025-10-22,Jakarta,Fashion,Cap,4,57.8,0.1,208.08,2025-10
O0202,2025-06-16,West Java,Home,Pillow,3,23.16,0.0,69.48,2025-06
O0203,2025-08-12,Banten,Sports,Running Bottle,5,21.53,0.05,102.27,2025-08
O0204,2025-04-24,East Java,Beauty,Moisturizer,1,95.8,0.0,95.8,2025-04
O0205,2025-09-19,West Java,Home,Water Bottle,3,133.11,0.0,399.33,2025-09
O0206,2025-02-22,Jakarta,Home,Water Bottle,2,37.84,0.0,75.68,2025-02
O0207,2025-04-01,East Java,Fashion,Cap,5,138.7,0.1,624.15,2025-04
O0208,2025-11-26,Central Java,Sports,Dumbbell,3,33.96,0.0,101.88,2025-11
O0209,2025-08-15,Jakarta,Beauty,Sunscreen,5,17.66,0.15,75.05,2025-08
O0210,2025-06-08,Jakarta,Fashion,Cap,1,17.79,0.05,16.9,2025-06
O0211,2025-11-27,Central Java,Electronics,Smart Watch,4,107.82,0.0,431.28,2025-11
O0212,2025-10-20,Jakarta,Home,Water Bottle,5,89.81,0.0,449.05,2025-10
O0213,2025-08-19,Jakarta,Electronics,Keyboard,1,94.78,0.0,94.78,2025-08
O0214,2025-05-07,Banten,Fashion,Cap,5,97.91,0.0,489.55,2025-05
O0215,2025-07-10,Jakarta,Beauty,Lip Balm,4,141.21,0.15,480.11,2025-07
O0216,2025-11-20,Banten,Beauty,Face Wash,3,24.26,0.1,65.5,2025-11
O0217,2025-05-10,Banten,Sports,Resistance Band,3,22.02,0.0,66.06,2025-05
O0218,2025-06-08,Banten,Fashion,Sneakers,5,129.92,0.0,649.6,2025-06
O0219,2025-10-14,Jakarta,Fashion,Backpack,2,123.26,0.15,209.54,2025-10
O0220,2025-11-27,West Java,Fashion,Backpack,1,70.37,0.0,70.37,2025-11
O0221,2025-06-24,Jakarta,Fashion,Sneakers,2,180.0,0.0,360.0,2025-06
O0222,2025-06-01,West Java,Electronics,Wireless Earbuds,3,158.74,0.15,404.79,2025-06
O0223,2025-11-02,West Java,Fashion,Sneakers,2,39.11,0.15,66.49,2025-11
O0224,2025-08-13,Central Java,Electronics,Smart Watch,3,124.33,0.0,372.99,2025-08
O0225,2025-11-09,Central Java,Beauty,Lip Balm,2,99.85,0.05,189.71,2025-11
O0226,2025-04-10,East Java,Beauty,Lip Balm,4,140.34,0.1,505.22,2025-04
O0227,2025-09-28,Banten,Fashion,Sneakers,2,145.82,0.0,291.64,2025-09
O0228,2025-01-27,Jakarta,Fashion,Backpack,5,168.7,0.15,716.98,2025-01
O0229,2025-05-26,West Java,Electronics,Power Bank,3,85.28,0.15,217.46,2025-05
O0230,2025-08-12,Central Java,Electronics,Power Bank,4,160.16,0.0,640.64,2025-08
O0231,2025-01-28,Banten,Fashion,Backpack,2,74.42,0.0,148.84,2025-01
O0232,2025-04-25,West Java,Electronics,Keyboard,1,152.34,0.05,144.72,2025-04
O0233,2025-03-12,Central Java,Electronics,Keyboard,4,127.72,0.0,510.88,2025-03
O0234,2025-08-18,West Java,Sports,Yoga Mat,1,11.27,0.0,11.27,2025-08
O0235,2025-10-08,Banten,Sports,Running Bottle,1,141.5,0.0,141.5,2025-10
O0236,2025-03-04,Central Java,Electronics,Power Bank,4,117.9,0.15,400.86,2025-03
O0237,2025-02-02,East Java,Electronics,Smart Watch,5,100.2,0.15,425.85,2025-02
O0238,2025-05-04,West Java,Home,Water Bottle,4,8.27,0.05,31.43,2025-05
O0239,2025-10-20,Jakarta,Fashion,Sneakers,1,98.04,0.05,93.14,2025-10
O0240,2025-09-27,Central Java,Sports,Yoga Mat,4,158.21,0.0,632.84,2025-09
O0241,2025-07-11,West Java,Beauty,Face Wash,3,143.63,0.05,409.35,2025-07
O0242,2025-12-03,Banten,Electronics,Keyboard,2,15.63,0.15,26.57,2025-12
O0243,2025-11-26,Jakarta,Home,Pillow,4,116.66,0.0,466.64,2025-11
O0244,2025-08-23,Jakarta,Electronics,Keyboard,2,15.53,0.0,31.06,2025-08
O0245,2025-06-11,West Java,Beauty,Lip Balm,5,89.42,0.0,447.1,2025-06
O0246,2025-05-27,Central Java,Beauty,Face Wash,3,54.99,0.05,156.72,2025-05
O0247,2025-07-24,Central Java,Fashion,Cap,3,175.48,0.1,473.8,2025-07
O0248,2025-07-08,Central Java,Sports,Dumbbell,1,133.06,0.0,133.06,2025-07
O0249,2025-11-05,Banten,Home,Water Bottle,3,25.65,0.05,73.1,2025-11
O0250,2025-06-06,Central Java,Fashion,Cap,2,126.64,0.05,240.62,2025-06
O0251,2025-01-22,Jakarta,Beauty,Lip Balm,3,117.99,0.0,353.97,2025-01
O0252,2025-12-10,Jakarta,Fashion,Backpack,5,145.79,0.0,728.95,2025-12
O0253,2025-03-15,Banten,Sports,Running Bottle,1,29.71,0.0,29.71,2025-03
O0254,2025-07-05,Banten,Fashion,T-Shirt,5,34.39,0.1,154.75,2025-07
O0255,2025-07-10,Central Java,Fashion,T-Shirt,5,31.68,0.05,150.48,2025-07
O0256,2025-06-10,Central Java,Beauty,Moisturizer,1,12.46,0.0,12.46,2025-06
O0257,2025-09-23,West Java,Fashion,T-Shirt,3,141.29,0.1,381.48,2025-09
O0258,2025-11-10,Central Java,Beauty,Lip Balm,2,29.09,0.0,58.18,2025-11
O0259,2025-03-30,East Java,Fashion,T-Shirt,3,122.87,0.0,368.61,2025-03
O0260,2025-10-05,Banten,Beauty,Sunscreen,2,130.43,0.0,260.86,2025-10
O0261,2025-09-18,Central Java,Home,Desk Lamp,2,144.24,0.0,288.48,2025-09
O0262,2025-01-14,West Java,Beauty,Sunscreen,4,146.23,0.15,497.18,2025-01
O0263,2025-11-10,East Java,Electronics,Wireless Earbuds,3,76.48,0.1,206.5,2025-11
O0264,2025-07-30,Central Java,Fashion,T-Shirt,2,175.25,0.0,350.5,2025-07
O0265,2025-08-27,East Java,Sports,Dumbbell,2,159.01,0.15,270.32,2025-08
O0266,2025-04-04,Jakarta,Home,Pillow,5,164.64,0.0,823.2,2025-04
O0267,2025-09-23,Banten,Home,Water Bottle,2,35.86,0.0,71.72,2025-09
O0268,2025-09-23,Banten,Beauty,Face Wash,3,41.76,0.15,106.49,2025-09
O0269,2025-03-06,East Java,Beauty,Face Wash,5,118.25,0.15,502.56,2025-03
O0270,2025-03-20,Jakarta,Home,Water Bottle,5,15.09,0.0,75.45,2025-03
O0271,2025-01-24,East Java,Sports,Dumbbell,2,139.92,0.1,251.86,2025-01
O0272,2025-11-24,Central Java,Electronics,Smart Watch,5,57.82,0.05,274.64,2025-11
O0273,2025-05-06,West Java,Fashion,Backpack,4,20.55,0.0,82.2,2025-05
O0274,2025-08-14,West Java,Fashion,Cap,4,43.09,0.15,146.51,2025-08
O0275,2025-06-10,East Java,Beauty,Sunscreen,4,30.49,0.05,115.86,2025-06
O0276,2025-10-15,Central Java,Electronics,Keyboard,2,88.23,0.05,167.64,2025-10
O0277,2025-05-07,East Java,Home,Desk Lamp,1,57.92,0.1,52.13,2025-05
O0278,2025-08-03,West Java,Home,Storage Box,3,168.61,0.05,480.54,2025-08
O0279,2025-03-23,Jakarta,Fashion,Cap,4,159.2,0.1,573.12,2025-03
O0280,2025-02-16,Jakarta,Fashion,Cap,2,45.0,0.05,85.5,2025-02
O0281,2025-01-26,Banten,Beauty,Lip Balm,5,159.76,0.1,718.92,2025-01
O0282,2025-10-02,Banten,Electronics,Wireless Earbuds,4,31.04,0.05,117.95,2025-10
O0283,2025-07-26,West Java,Beauty,Face Wash,4,16.8,0.15,57.12,2025-07
O0284,2025-07-05,East Java,Sports,Dumbbell,1,74.45,0.1,67.01,2025-07
O0285,2025-05-24,Banten,Sports,Yoga Mat,2,175.71,0.1,316.28,2025-05
O0286,2025-06-23,Central Java,Sports,Dumbbell,2,42.24,0.15,71.81,2025-06
O0287,2025-09-14,Central Java,Electronics,Wireless Earbuds,1,31.57,0.05,29.99,2025-09
O0288,2025-09-23,Banten,Fashion,Sneakers,5,161.62,0.0,808.1,2025-09
O0289,2025-11-10,East Java,Beauty,Moisturizer,4,178.39,0.05,677.88,2025-11
O0290,2025-06-22,Banten,Sports,Running Bottle,5,59.56,0.0,297.8,2025-06
O0291,2025-06-19,East Java,Electronics,Smart Watch,5,60.92,0.0,304.6,2025-06
O0292,2025-08-31,East Java,Beauty,Moisturizer,1,108.37,0.0,108.37,2025-08
O0293,2025-11-19,Jakarta,Sports,Running Bottle,2,149.33,0.0,298.66,2025-11
O0294,2025-10-21,West Java,Electronics,Power Bank,1,83.86,0.1,75.47,2025-10
O0295,2025-07-31,Jakarta,Home,Pillow,5,141.3,0.1,635.85,2025-07
O0296,2025-12-28,East Java,Home,Storage Box,5,63.91,0.1,287.59,2025-12
O0297,2025-07-12,East Java,Beauty,Moisturizer,4,164.89,0.05,626.58,2025-07
O0298,2025-07-01,East Java,Beauty,Lip Balm,2,172.66,0.05,328.05,2025-07
O0299,2025-06-02,Banten,Home,Water Bottle,3,129.24,0.1,348.95,2025-06
O0300,2025-09-03,Central Java,Beauty,Sunscreen,3,28.96,0.15,73.85,2025-09
O0301,2025-07-22,Banten,Beauty,Moisturizer,3,15.24,0.0,45.72,2025-07
O0302,2025-08-15,Banten,Beauty,Lip Balm,2,42.76,0.15,72.69,2025-08
O0303,2025-10-15,West Java,Beauty,Moisturizer,1,113.9,0.15,96.81,2025-10
O0304,2025-05-05,Banten,Electronics,Power Bank,2,17.03,0.1,30.65,2025-05
O0305,2025-08-30,Central Java,Electronics,Power Bank,1,173.9,0.0,173.9,2025-08
O0306,2025-12-01,Banten,Fashion,Cap,2,138.02,0.05,262.24,2025-12
O0307,2025-05-27,West Java,Electronics,Wireless Earbuds,5,47.94,0.0,239.7,2025-05
O0308,2025-08-02,Banten,Home,Desk Lamp,4,143.53,0.0,574.12,2025-08
O0309,2025-01-20,Banten,Electronics,Keyboard,5,111.68,0.05,530.48,2025-01
O0310,2025-08-21,Banten,Sports,Running Bottle,2,154.38,0.1,277.88,2025-08
O0311,2025-04-09,West Java,Electronics,Keyboard,2,133.75,0.05,254.12,2025-04
O0312,2025-01-08,West Java,Beauty,Sunscreen,5,124.0,0.0,620.0,2025-01
O0313,2025-11-09,Jakarta,Fashion,Cap,5,64.4,0.1,289.8,2025-11
O0314,2025-04-05,Banten,Home,Pillow,3,168.96,0.0,506.88,2025-04
O0315,2025-07-16,East Java,Home,Pillow,3,172.09,0.05,490.46,2025-07
O0316,2025-10-21,Jakarta,Electronics,Keyboard,3,127.16,0.0,381.48,2025-10
O0317,2025-08-27,Jakarta,Beauty,Moisturizer,4,126.0,0.05,478.8,2025-08
O0318,2025-11-24,Central Java,Beauty,Sunscreen,5,45.99,0.0,229.95,2025-11
O0319,2025-03-20,East Java,Fashion,Backpack,4,128.73,0.1,463.43,2025-03
O0320,2025-12-07,East Java,Home,Storage Box,5,158.18,0.0,790.9,2025-12
O0321,2025-08-17,Jakarta,Sports,Dumbbell,1,165.77,0.0,165.77,2025-08
O0322,2025-10-08,Banten,Sports,Resistance Band,5,100.31,0.0,501.55,2025-10
O0323,2025-09-24,Jakarta,Fashion,T-Shirt,2,131.31,0.1,236.36,2025-09
O0324,2025-09-19,Central Java,Fashion,T-Shirt,4,30.69,0.1,110.48,2025-09
O0325,2025-10-16,Banten,Electronics,Smart Watch,3,132.4,0.1,357.48,2025-10
O0326,2025-01-02,East Java,Home,Desk Lamp,1,80.88,0.0,80.88,2025-01
O0327,2025-01-31,West Java,Electronics,Smart Watch,1,57.38,0.0,57.38,2025-01
O0328,2025-11-25,Central Java,Fashion,Backpack,4,85.15,0.1,306.54,2025-11
O0329,2025-02-11,Central Java,Sports,Resistance Band,3,28.4,0.15,72.42,2025-02
O0330,2025-09-28,Central Java,Home,Storage Box,1,138.06,0.05,131.16,2025-09
O0331,2025-12-11,West Java,Sports,Running Bottle,5,73.24,0.0,366.2,2025-12
O0332,2025-08-24,Jakarta,Beauty,Moisturizer,3,40.42,0.0,121.26,2025-08
O0333,2025-12-05,East Java,Fashion,T-Shirt,2,43.45,0.0,86.9,2025-12
O0334,2025-01-18,Central Java,Fashion,T-Shirt,2,135.37,0.1,243.67,2025-01
O0335,2025-04-30,West Java,Sports,Resistance Band,1,32.1,0.05,30.5,2025-04
O0336,2025-10-22,East Java,Beauty,Sunscreen,2,59.9,0.0,119.8,2025-10
O0337,2025-04-24,West Java,Fashion,Backpack,3,18.48,0.15,47.12,2025-04
O0338,2025-11-17,East Java,Fashion,Cap,1,175.23,0.1,157.71,2025-11
O0339,2025-06-13,East Java,Fashion,Cap,2,59.58,0.0,119.16,2025-06
O0340,2025-08-31,Central Java,Home,Storage Box,3,155.5,0.0,466.5,2025-08
O0341,2025-01-30,Central Java,Sports,Running Bottle,4,103.85,0.0,415.4,2025-01
O0342,2025-05-05,Banten,Beauty,Moisturizer,3,119.23,0.1,321.92,2025-05
O0343,2025-02-17,East Java,Sports,Resistance Band,1,54.18,0.15,46.05,2025-02
O0344,2025-01-21,West Java,Electronics,Power Bank,5,132.58,0.15,563.47,2025-01
O0345,2025-09-03,West Java,Home,Water Bottle,3,172.61,0.0,517.83,2025-09
O0346,2025-04-08,Central Java,Electronics,Smart Watch,2,127.65,0.0,255.3,2025-04
O0347,2025-05-03,Banten,Sports,Dumbbell,3,73.47,0.15,187.35,2025-05
O0348,2025-06-07,Jakarta,Beauty,Sunscreen,5,159.84,0.1,719.28,2025-06
O0349,2025-08-29,East Java,Beauty,Moisturizer,3,61.82,0.0,185.46,2025-08
O0350,2025-04-24,East Java,Home,Desk Lamp,3,103.17,0.15,263.08,2025-04
O0351,2025-08-02,East Java,Beauty,Moisturizer,2,64.74,0.1,116.53,2025-08
O0352,2025-05-06,Central Java,Fashion,Backpack,3,139.3,0.1,376.11,2025-05
O0353,2025-08-24,Central Java,Home,Water Bottle,2,32.07,0.15,54.52,2025-08
O0354,2025-04-05,Jakarta,Sports,Yoga Mat,5,13.82,0.0,69.1,2025-04
O0355,2025-01-04,Jakarta,Fashion,Sneakers,2,19.69,0.0,39.38,2025-01
O0356,2025-04-22,Central Java,Sports,Running Bottle,3,18.4,0.15,46.92,2025-04
O0357,2025-12-04,Jakarta,Fashion,T-Shirt,1,99.54,0.1,89.59,2025-12
O0358,2025-01-09,East Java,Sports,Dumbbell,5,176.13,0.0,880.65,2025-01
O0359,2025-12-24,West Java,Fashion,Sneakers,1,165.9,0.15,141.02,2025-12
O0360,2025-05-04,Jakarta,Home,Water Bottle,3,53.98,0.1,145.75,2025-05
O0361,2025-07-11,Banten,Fashion,Cap,5,49.83,0.0,249.15,2025-07
O0362,2025-12-17,East Java,Electronics,Wireless Earbuds,1,77.71,0.1,69.94,2025-12
O0363,2025-09-01,Banten,Electronics,Wireless Earbuds,2,22.22,0.1,40.0,2025-09
O0364,2025-10-17,Central Java,Electronics,Wireless Earbuds,2,44.36,0.15,75.41,2025-10
O0365,2025-05-19,Jakarta,Electronics,Wireless Earbuds,3,162.68,0.15,414.83,2025-05
O0366,2025-04-02,Jakarta,Beauty,Face Wash,2,108.97,0.1,196.15,2025-04
O0367,2025-06-03,East Java,Home,Storage Box,5,151.56,0.1,682.02,2025-06
O0368,2025-06-19,Jakarta,Fashion,Sneakers,1,94.14,0.05,89.43,2025-06
O0369,2025-02-20,East Java,Fashion,Sneakers,1,66.58,0.15,56.59,2025-02
O0370,2025-07-23,Central Java,Beauty,Face Wash,3,142.77,0.1,385.48,2025-07
O0371,2025-04-27,Central Java,Beauty,Lip Balm,4,39.95,0.15,135.83,2025-04
O0372,2025-02-13,Banten,Sports,Dumbbell,2,130.65,0.0,261.3,2025-02
O0373,2025-03-20,Jakarta,Fashion,Sneakers,4,62.47,0.0,249.88,2025-03
O0374,2025-01-03,West Java,Beauty,Lip Balm,3,138.95,0.0,416.85,2025-01
O0375,2025-02-14,Central Java,Home,Pillow,4,103.8,0.15,352.92,2025-02
O0376,2025-02-22,East Java,Electronics,Wireless Earbuds,3,103.33,0.15,263.49,2025-02
O0377,2025-06-16,East Java,Fashion,T-Shirt,3,79.18,0.0,237.54,2025-06
O0378,2025-05-05,Banten,Sports,Resistance Band,4,37.15,0.05,141.17,2025-05
O0379,2025-05-18,Central Java,Fashion,Sneakers,1,36.76,0.05,34.92,2025-05
O0380,2025-06-03,Central Java,Fashion,T-Shirt,3,51.29,0.0,153.87,2025-06
O0381,2025-11-01,Jakarta,Sports,Resistance Band,4,26.4,0.05,100.32,2025-11
O0382,2025-07-22,East Java,Beauty,Lip Balm,3,83.72,0.1,226.04,2025-07
O0383,2025-03-11,Central Java,Beauty,Sunscreen,5,170.93,0.0,854.65,2025-03
O0384,2025-06-10,East Java,Home,Pillow,3,58.13,0.1,156.95,2025-06
O0385,2025-05-05,Banten,Beauty,Lip Balm,3,148.44,0.1,400.79,2025-05
O0386,2025-02-28,East Java,Sports,Resistance Band,5,179.53,0.0,897.65,2025-02
O0387,2025-01-14,Central Java,Fashion,Sneakers,4,145.2,0.0,580.8,2025-01
O0388,2025-12-11,Central Java,Fashion,Sneakers,3,49.63,0.0,148.89,2025-12
O0389,2025-07-13,East Java,Electronics,Smart Watch,5,90.43,0.1,406.94,2025-07
O0390,2025-09-17,East Java,Fashion,T-Shirt,3,128.68,0.15,328.13,2025-09
O0391,2025-11-23,West Java,Electronics,Wireless Earbuds,2,121.11,0.05,230.11,2025-11
O0392,2025-11-28,Banten,Sports,Yoga Mat,5,177.18,0.1,797.31,2025-11
O0393,2025-08-09,East Java,Electronics,Wireless Earbuds,1,52.5,0.15,44.62,2025-08
O0394,2025-10-13,East Java,Sports,Resistance Band,4,72.35,0.1,260.46,2025-10
O0395,2025-12-20,Jakarta,Sports,Resistance Band,3,179.6,0.1,484.92,2025-12
O0396,2025-06-01,Banten,Fashion,T-Shirt,1,150.99,0.0,150.99,2025-06
O0397,2025-06-09,Central Java,Beauty,Lip Balm,2,97.63,0.05,185.5,2025-06
O0398,2025-02-19,Jakarta,Fashion,Cap,3,19.55,0.0,58.65,2025-02
O0399,2025-01-12,East Java,Beauty,Face Wash,2,167.95,0.0,335.9,2025-01
O0400,2025-03-31,West Java,Sports,Resistance Band,3,104.29,0.1,281.58,2025-03
O0401,2025-07-27,West Java,Home,Storage Box,4,76.04,0.15,258.54,2025-07
O0402,2025-08-19,West Java,Sports,Running Bottle,4,8.77,0.0,35.08,2025-08
O0403,2025-05-23,West Java,Electronics,Wireless Earbuds,5,40.16,0.05,190.76,2025-05
O0404,2025-08-23,East Java,Electronics,Keyboard,4,98.77,0.05,375.33,2025-08
O0405,2025-07-18,Central Java,Sports,Running Bottle,5,27.65,0.05,131.34,2025-07
O0406,2025-11-13,Banten,Home,Water Bottle,5,109.51,0.0,547.55,2025-11
O0407,2025-03-02,East Java,Home,Water Bottle,1,39.48,0.0,39.48,2025-03
O0408,2025-07-18,Central Java,Fashion,Sneakers,5,74.0,0.0,370.0,2025-07
O0409,2025-11-22,West Java,Sports,Resistance Band,5,36.7,0.05,174.32,2025-11
O0410,2025-04-06,Jakarta,Beauty,Lip Balm,5,17.22,0.05,81.79,2025-04
O0411,2025-09-06,Central Java,Home,Storage Box,4,173.78,0.15,590.85,2025-09
O0412,2025-07-29,East Java,Fashion,Cap,4,92.06,0.0,368.24,2025-07
O0413,2025-01-16,Banten,Home,Water Bottle,1,55.27,0.15,46.98,2025-01
O0414,2025-03-28,Jakarta,Fashion,Cap,5,95.86,0.15,407.4,2025-03
O0415,2025-05-18,Central Java,Sports,Dumbbell,5,149.49,0.0,747.45,2025-05
O0416,2025-10-07,Banten,Home,Pillow,1,134.59,0.0,134.59,2025-10
O0417,2025-01-17,Central Java,Fashion,Backpack,3,156.3,0.0,468.9,2025-01
O0418,2025-03-02,Central Java,Home,Storage Box,5,126.53,0.15,537.75,2025-03
O0419,2025-03-26,East Java,Sports,Resistance Band,2,147.93,0.0,295.86,2025-03
O0420,2025-06-29,Banten,Sports,Dumbbell,5,100.67,0.05,478.18,2025-06
O0421,2025-05-29,West Java,Sports,Dumbbell,5,177.5,0.0,887.5,2025-05
O0422,2025-07-30,West Java,Electronics,Keyboard,2,128.65,0.0,257.3,2025-07
O0423,2025-03-16,Banten,Beauty,Moisturizer,4,92.19,0.15,313.45,2025-03
O0424,2025-11-18,Central Java,Fashion,Cap,4,20.99,0.0,83.96,2025-11
O0425,2025-09-21,East Java,Beauty,Sunscreen,4,171.44,0.05,651.47,2025-09
O0426,2025-01-02,Central Java,Electronics,Smart Watch,3,154.22,0.15,393.26,2025-01
O0427,2025-04-22,Banten,Fashion,Sneakers,4,54.19,0.05,205.92,2025-04
O0428,2025-10-08,Jakarta,Sports,Resistance Band,5,154.62,0.05,734.44,2025-10
O0429,2025-01-24,Central Java,Electronics,Smart Watch,1,29.37,0.0,29.37,2025-01
O0430,2025-08-22,Banten,Electronics,Smart Watch,2,179.26,0.0,358.52,2025-08
O0431,2025-03-23,West Java,Beauty,Face Wash,3,51.07,0.05,145.55,2025-03
O0432,2025-01-27,Jakarta,Fashion,Backpack,2,81.83,0.0,163.66,2025-01
O0433,2025-01-01,East Java,Home,Pillow,1,30.82,0.0,30.82,2025-01
O0434,2025-12-15,Central Java,Fashion,T-Shirt,1,127.64,0.0,127.64,2025-12
O0435,2025-12-22,Jakarta,Home,Pillow,1,47.38,0.0,47.38,2025-12
O0436,2025-02-22,West Java,Beauty,Sunscreen,3,31.59,0.0,94.77,2025-02
O0437,2025-02-05,Banten,Sports,Yoga Mat,5,119.8,0.1,539.1,2025-02
O0438,2025-04-20,Jakarta,Home,Pillow,5,126.09,0.0,630.45,2025-04
O0439,2025-02-21,Central Java,Home,Desk Lamp,5,133.56,0.05,634.41,2025-02
O0440,2025-06-11,East Java,Home,Storage Box,3,118.87,0.0,356.61,2025-06
O0441,2025-11-04,West Java,Sports,Dumbbell,1,153.84,0.05,146.15,2025-11
O0442,2025-09-23,West Java,Sports,Resistance Band,4,58.83,0.0,235.32,2025-09
O0443,2025-09-11,Jakarta,Fashion,T-Shirt,2,93.93,0.15,159.68,2025-09
O0444,2025-09-28,Central Java,Electronics,Keyboard,3,30.7,0.15,78.28,2025-09
O0445,2025-07-07,Jakarta,Sports,Resistance Band,4,172.17,0.0,688.68,2025-07
O0446,2025-10-28,Central Java,Electronics,Wireless Earbuds,3,45.11,0.0,135.33,2025-10
O0447,2025-09-17,East Java,Beauty,Lip Balm,4,128.71,0.0,514.84,2025-09
O0448,2025-10-03,East Java,Sports,Resistance Band,3,22.38,0.0,67.14,2025-10
O0449,2025-04-15,Banten,Home,Water Bottle,4,108.87,0.0,435.48,2025-04
O0450,2025-12-24,Jakarta,Fashion,Sneakers,1,50.05,0.1,45.05,2025-12
O0451,2025-08-21,Jakarta,Sports,Yoga Mat,3,122.57,0.0,367.71,2025-08
O0452,2025-01-07,East Java,Home,Desk Lamp,2,93.38,0.05,177.42,2025-01
O0453,2025-09-22,Jakarta,Beauty,Moisturizer,3,29.83,0.05,85.02,2025-09
O0454,2025-01-16,East Java,Beauty,Lip Balm,3,98.1,0.05,279.58,2025-01
O0455,2025-11-18,Central Java,Electronics,Smart Watch,4,95.85,0.0,383.4,2025-11
O0456,2025-10-18,East Java,Home,Water Bottle,2,51.88,0.0,103.76,2025-10
O0457,2025-12-12,West Java,Electronics,Power Bank,5,8.44,0.0,42.2,2025-12
O0458,2025-01-24,Jakarta,Fashion,Backpack,4,166.28,0.0,665.12,2025-01
O0459,2025-10-11,Banten,Fashion,Sneakers,3,50.7,0.05,144.5,2025-10
O0460,2025-02-09,West Java,Sports,Dumbbell,1,94.35,0.0,94.35,2025-02
O0461,2025-04-25,Banten,Sports,Yoga Mat,4,19.86,0.1,71.5,2025-04
O0462,2025-06-09,West Java,Beauty,Face Wash,5,86.56,0.05,411.16,2025-06
O0463,2025-05-30,East Java,Sports,Dumbbell,5,49.72,0.05,236.17,2025-05
O0464,2025-09-10,Jakarta,Home,Storage Box,2,9.1,0.1,16.38,2025-09
O0465,2025-04-30,Central Java,Sports,Dumbbell,1,171.57,0.0,171.57,2025-04
O0466,2025-06-07,Central Java,Electronics,Power Bank,5,177.1,0.1,796.95,2025-06
O0467,2025-01-31,East Java,Home,Water Bottle,1,15.55,0.0,15.55,2025-01
O0468,2025-07-31,West Java,Beauty,Lip Balm,1,107.89,0.15,91.71,2025-07
O0469,2025-11-23,West Java,Fashion,T-Shirt,5,105.67,0.1,475.52,2025-11
O0470,2025-05-02,Banten,Beauty,Sunscreen,3,167.28,0.1,451.66,2025-05
O0471,2025-06-12,West Java,Fashion,Backpack,2,20.85,0.0,41.7,2025-06
O0472,2025-10-27,Banten,Electronics,Power Bank,1,36.27,0.1,32.64,2025-10
O0473,2025-07-28,Banten,Electronics,Keyboard,2,85.73,0.1,154.31,2025-07
O0474,2025-03-03,Jakarta,Electronics,Power Bank,3,150.14,0.15,382.86,2025-03
O0475,2025-04-21,Central Java,Beauty,Moisturizer,1,130.32,0.05,123.8,2025-04
O0476,2025-09-20,Jakarta,Electronics,Keyboard,3,149.06,0.0,447.18,2025-09
O0477,2025-07-27,Jakarta,Fashion,Sneakers,1,87.47,0.0,87.47,2025-07
O0478,2025-01-07,Banten,Electronics,Power Bank,2,42.08,0.1,75.74,2025-01
O0479,2025-12-18,West Java,Electronics,Keyboard,1,11.75,0.0,11.75,2025-12
O0480,2025-11-27,Jakarta,Fashion,Sneakers,1,163.67,0.05,155.49,2025-11
O0481,2025-01-22,Central Java,Fashion,T-Shirt,2,166.95,0.1,300.51,2025-01
O0482,2025-09-12,West Java,Electronics,Smart Watch,4,37.72,0.0,150.88,2025-09
O0483,2025-05-21,East Java,Beauty,Lip Balm,2,13.96,0.15,23.73,2025-05
O0484,2025-05-06,Jakarta,Beauty,Lip Balm,4,159.84,0.1,575.42,2025-05
O0485,2025-02-14,West Java,Beauty,Lip Balm,2,80.11,0.15,136.19,2025-02
O0486,2025-11-19,Central Java,Sports,Yoga Mat,4,142.49,0.05,541.46,2025-11
O0487,2025-10-06,Banten,Fashion,Backpack,5,94.41,0.1,424.84,2025-10
O0488,2025-04-03,Jakarta,Electronics,Keyboard,5,45.67,0.05,216.93,2025-04
O0489,2025-08-30,Jakarta,Sports,Dumbbell,5,179.93,0.0,899.65,2025-08
O0490,2025-05-07,West Java,Home,Water Bottle,5,148.4,0.0,742.0,2025-05
O0491,2025-10-22,Banten,Fashion,Backpack,2,38.29,0.15,65.09,2025-10
O0492,2025-12-24,West Java,Beauty,Face Wash,3,170.98,0.15,436.0,2025-12
O0493,2025-10-16,Jakarta,Home,Pillow,5,61.16,0.1,275.22,2025-10
O0494,2025-02-16,Central Java,Electronics,Power Bank,5,45.64,0.15,193.97,2025-02
O0495,2025-01-01,Banten,Beauty,Moisturizer,2,66.61,0.0,133.22,2025-01
O0496,2025-01-31,Jakarta,Electronics,Power Bank,5,129.21,0.0,646.05,2025-01
O0497,2025-09-27,East Java,Beauty,Face Wash,3,129.18,0.1,348.79,2025-09
O0498,2025-02-21,Central Java,Beauty,Sunscreen,3,31.47,0.0,94.41,2025-02
O0499,2025-11-24,East Java,Fashion,Backpack,2,129.64,0.15,220.39,2025-11
O0500,2025-07-02,West Java,Home,Storage Box,4,60.77,0.05,230.93,2025-07
O0501,2025-04-01,Banten,Electronics,Smart Watch,5,13.57,0.15,57.67,2025-04
O0502,2025-11-10,West Java,Home,Desk Lamp,4,32.19,0.0,128.76,2025-11
O0503,2025-06-27,Central Java,Beauty,Moisturizer,1,149.33,0.05,141.86,2025-06
O0504,2025-01-06,Banten,Beauty,Moisturizer,2,127.23,0.05,241.74,2025-01
O0505,2025-02-25,West Java,Electronics,Wireless Earbuds,4,83.37,0.1,300.13,2025-02
O0506,2025-07-31,Central Java,Fashion,Cap,3,101.92,0.0,305.76,2025-07
O0507,2025-10-23,Banten,Home,Storage Box,4,20.68,0.0,82.72,2025-10
O0508,2025-01-11,Central Java,Beauty,Sunscreen,1,20.76,0.0,20.76,2025-01
O0509,2025-03-24,Central Java,Electronics,Wireless Earbuds,3,110.17,0.15,280.93,2025-03
O0510,2025-12-27,West Java,Electronics,Smart Watch,2,112.46,0.1,202.43,2025-12
O0511,2025-01-28,East Java,Electronics,Keyboard,2,175.6,0.1,316.08,2025-01
O0512,2025-10-04,Central Java,Beauty,Sunscreen,3,48.86,0.0,146.58,2025-10
O0513,2025-10-20,Central Java,Sports,Running Bottle,2,17.37,0.0,34.74,2025-10
O0514,2025-02-14,West Java,Beauty,Lip Balm,2,24.68,0.0,49.36,2025-02
O0515,2025-11-23,Central Java,Beauty,Face Wash,4,153.13,0.05,581.89,2025-11
O0516,2025-08-30,West Java,Fashion,Backpack,1,118.4,0.1,106.56,2025-08
O0517,2025-07-09,Central Java,Fashion,Backpack,2,84.67,0.05,160.87,2025-07
O0518,2025-08-27,Jakarta,Beauty,Moisturizer,3,105.05,0.0,315.15,2025-08
O0519,2025-02-13,Central Java,Beauty,Lip Balm,5,47.13,0.0,235.65,2025-02
O0520,2025-09-25,Banten,Fashion,Cap,5,159.64,0.1,718.38,2025-09
O0521,2025-02-10,East Java,Fashion,T-Shirt,5,106.25,0.15,451.56,2025-02
O0522,2025-12-13,West Java,Sports,Resistance Band,1,171.27,0.1,154.14,2025-12
O0523,2025-03-27,Central Java,Home,Storage Box,2,15.34,0.0,30.68,2025-03
O0524,2025-04-14,Jakarta,Home,Water Bottle,3,164.66,0.0,493.98,2025-04
O0525,2025-07-18,East Java,Sports,Running Bottle,5,64.09,0.05,304.43,2025-07
O0526,2025-08-23,East Java,Electronics,Smart Watch,1,79.28,0.0,79.28,2025-08
O0527,2025-10-29,Banten,Sports,Yoga Mat,1,104.78,0.0,104.78,2025-10
O0528,2025-10-02,East Java,Beauty,Lip Balm,3,73.88,0.1,199.48,2025-10
O0529,2025-11-08,East Java,Fashion,T-Shirt,2,55.37,0.0,110.74,2025-11
O0530,2025-11-08,West Java,Fashion,T-Shirt,4,161.01,0.05,611.84,2025-11
O0531,2025-01-26,Banten,Fashion,Backpack,3,11.48,0.05,32.72,2025-01
O0532,2025-05-24,Banten,Fashion,T-Shirt,2,31.11,0.1,56.0,2025-05
O0533,2025-05-18,Central Java,Fashion,T-Shirt,2,83.98,0.1,151.16,2025-05
O0534,2025-09-22,Banten,Beauty,Face Wash,5,144.14,0.0,720.7,2025-09
O0535,2025-12-30,East Java,Sports,Running Bottle,2,142.25,0.15,241.82,2025-12
O0536,2025-01-15,Jakarta,Home,Storage Box,2,151.96,0.0,303.92,2025-01
O0537,2025-08-22,East Java,Electronics,Keyboard,2,55.12,0.1,99.22,2025-08
O0538,2025-07-23,Central Java,Electronics,Wireless Earbuds,2,72.06,0.15,122.5,2025-07
O0539,2025-04-01,Jakarta,Fashion,Backpack,3,36.12,0.05,102.94,2025-04
O0540,2025-05-26,West Java,Electronics,Smart Watch,1,36.02,0.15,30.62,2025-05
O0541,2025-04-24,Jakarta,Home,Storage Box,3,120.07,0.15,306.18,2025-04
O0542,2025-12-16,Jakarta,Electronics,Smart Watch,2,119.35,0.15,202.89,2025-12
O0543,2025-04-25,Banten,Beauty,Sunscreen,3,80.89,0.1,218.4,2025-04
O0544,2025-08-24,East Java,Beauty,Moisturizer,4,59.97,0.15,203.9,2025-08
O0545,2025-07-23,East Java,Sports,Yoga Mat,1,95.98,0.05,91.18,2025-07
O0546,2025-11-28,Jakarta,Sports,Dumbbell,3,125.72,0.1,339.44,2025-11
O0547,2025-06-22,West Java,Beauty,Sunscreen,3,52.92,0.05,150.82,2025-06
O0548,2025-03-18,Central Java,Sports,Resistance Band,1,146.53,0.15,124.55,2025-03
O0549,2025-12-05,Banten,Beauty,Moisturizer,1,120.73,0.05,114.69,2025-12
O0550,2025-08-03,West Java,Fashion,Cap,1,108.28,0.15,92.04,2025-08
O0551,2025-06-25,East Java,Home,Pillow,3,95.26,0.0,285.78,2025-06
O0552,2025-04-03,East Java,Beauty,Face Wash,4,30.01,0.05,114.04,2025-04
O0553,2025-04-04,Central Java,Beauty,Face Wash,2,69.11,0.05,131.31,2025-04
O0554,2025-06-19,Central Java,Beauty,Sunscreen,5,58.58,0.0,292.9,2025-06
O0555,2025-01-28,Jakarta,Sports,Yoga Mat,4,160.98,0.15,547.33,2025-01
O0556,2025-12-15,West Java,Fashion,Backpack,4,17.3,0.0,69.2,2025-12
O0557,2025-04-13,West Java,Beauty,Lip Balm,5,161.57,0.1,727.06,2025-04
O0558,2025-06-11,Banten,Home,Desk Lamp,4,65.21,0.0,260.84,2025-06
O0559,2025-11-21,East Java,Electronics,Wireless Earbuds,4,55.05,0.0,220.2,2025-11
O0560,2025-03-23,Central Java,Fashion,T-Shirt,2,113.69,0.1,204.64,2025-03
O0561,2025-08-08,Banten,Fashion,Cap,1,14.49,0.0,14.49,2025-08
O0562,2025-01-08,West Java,Beauty,Moisturizer,1,124.4,0.0,124.4,2025-01
O0563,2025-12-22,East Java,Beauty,Sunscreen,2,25.67,0.15,43.64,2025-12
O0564,2025-06-06,Central Java,Home,Desk Lamp,1,59.29,0.05,56.33,2025-06
O0565,2025-09-24,Banten,Sports,Dumbbell,4,160.73,0.0,642.92,2025-09
O0566,2025-09-08,Jakarta,Beauty,Moisturizer,2,171.07,0.1,307.93,2025-09
O0567,2025-04-27,East Java,Home,Storage Box,2,134.26,0.15,228.24,2025-04
O0568,2025-03-28,East Java,Electronics,Keyboard,1,72.53,0.05,68.9,2025-03
O0569,2025-11-16,Jakarta,Electronics,Wireless Earbuds,1,120.41,0.0,120.41,2025-11
O0570,2025-12-20,Banten,Electronics,Smart Watch,4,73.4,0.15,249.56,2025-12
O0571,2025-08-31,East Java,Home,Storage Box,1,59.79,0.0,59.79,2025-08
O0572,2025-05-19,East Java,Sports,Resistance Band,4,150.87,0.0,603.48,2025-05
O0573,2025-11-13,West Java,Electronics,Keyboard,1,142.98,0.1,128.68,2025-11
O0574,2025-11-08,Central Java,Home,Water Bottle,5,175.38,0.05,833.05,2025-11
O0575,2025-06-01,Central Java,Home,Desk Lamp,5,93.37,0.0,466.85,2025-06
O0576,2025-06-19,East Java,Home,Desk Lamp,1,123.52,0.0,123.52,2025-06
O0577,2025-12-09,Jakarta,Fashion,Sneakers,1,142.08,0.0,142.08,2025-12
O0578,2025-05-12,Jakarta,Home,Pillow,3,53.43,0.0,160.29,2025-05
O0579,2025-03-31,Central Java,Electronics,Keyboard,3,145.87,0.05,415.73,2025-03
O0580,2025-03-01,Banten,Electronics,Wireless Earbuds,1,154.54,0.0,154.54,2025-03
O0581,2025-07-03,West Java,Fashion,Backpack,1,72.09,0.05,68.49,2025-07
O0582,2025-02-28,Central Java,Fashion,Cap,4,54.76,0.1,197.14,2025-02
O0583,2025-08-04,West Java,Home,Desk Lamp,2,127.74,0.0,255.48,2025-08
O0584,2025-02-23,East Java,Fashion,Cap,5,124.68,0.0,623.4,2025-02
O0585,2025-07-14,Jakarta,Beauty,Face Wash,2,91.09,0.1,163.96,2025-07
O0586,2025-07-30,Jakarta,Fashion,T-Shirt,1,53.0,0.05,50.35,2025-07
O0587,2025-12-27,Jakarta,Sports,Resistance Band,3,97.29,0.15,248.09,2025-12
O0588,2025-08-10,West Java,Home,Pillow,3,122.16,0.1,329.83,2025-08
O0589,2025-10-13,East Java,Sports,Yoga Mat,1,118.66,0.0,118.66,2025-10
O0590,2025-08-29,West Java,Fashion,Sneakers,1,137.25,0.05,130.39,2025-08
O0591,2025-06-19,Central Java,Beauty,Face Wash,5,46.31,0.1,208.4,2025-06
O0592,2025-05-01,Jakarta,Electronics,Smart Watch,4,145.82,0.1,524.95,2025-05
O0593,2025-09-13,Jakarta,Fashion,Backpack,1,176.68,0.0,176.68,2025-09
O0594,2025-07-26,East Java,Fashion,T-Shirt,5,102.44,0.0,512.2,2025-07
O0595,2025-11-13,Jakarta,Beauty,Moisturizer,4,171.46,0.05,651.55,2025-11
O0596,2025-04-25,Central Java,Fashion,Backpack,5,140.0,0.15,595.0,2025-04
O0597,2025-12-03,Jakarta,Beauty,Lip Balm,1,24.76,0.0,24.76,2025-12
O0598,2025-06-24,Jakarta,Beauty,Sunscreen,5,97.78,0.0,488.9,2025-06
O0599,2025-03-26,West Java,Fashion,Sneakers,4,26.4,0.15,89.76,2025-03
O0600,2025-04-07,Banten,Electronics,Smart Watch,2,86.61,0.0,173.22,2025-04
